Passport,CityTier,MonthlyIncome,Age,PreferredPropertyStar,NumberOfFollowups,NumberOfPersonVisiting,NumberOfChildrenVisiting,Chance,Designation_Executive,MaritalStatus_Divorced,MaritalStatus_Married,MaritalStatus_Single,MaritalStatus_Unmarried,Occupation_Free Lancer,Occupation_Large Business,Occupation_Salaried,Occupation_Small Business,ProductPitched_Basic
1,1,17090.0,37.0,3.0,4.0,3,0.0,0,1,0,0,1,0,1,0,0,0,1
1,1,17909.0,33.0,3.0,3.0,2,1.0,0,1,1,0,0,0,0,0,1,0,1
0,1,18468.0,38.0,4.0,3.0,2,0.0,0,1,1,0,0,0,0,0,0,1,1
0,1,18068.0,32.0,3.0,3.0,3,1.0,0,1,0,0,1,0,0,0,1,0,1
1,1,17670.0,59.0,5.0,2.0,2,1.0,0,1,1,0,0,0,0,0,0,1,1
0,1,17693.0,30.0,3.0,3.0,3,1.0,0,1,0,1,0,0,0,0,1,0,1
0,1,17426.0,35.0,4.0,2.0,2,1.0,0,1,1,0,0,0,0,0,0,1,1
0,1,17911.0,31.0,3.0,3.0,2,1.0,0,1,0,1,0,0,0,0,1,0,1
0,1,17661.0,34.0,3.0,3.0,3,2.0,0,1,0,1,0,0,0,0,0,1,1
1,1,17028.0,28.0,3.0,4.0,2,0.0,0,1,0,0,1,0,0,0,1,0,1
1,1,18298.0,32.0,4.0,2.0,3,0.0,0,1,0,1,0,0,0,0,1,0,1
1,1,17935.0,22.0,3.0,2.0,3,0.0,0,1,0,1,0,0,0,0,0,1,1
1,1,23620.0,38.0,3.0,3.0,2,1.0,0,1,0,0,1,0,0,0,1,0,1
0,1,16232.0,21.0,3.0,3.0,3,1.0,0,1,0,0,1,0,0,0,1,0,1
0,1,17960.0,34.0,5.0,3.0,2,1.0,0,1,0,0,1,0,0,0,0,1,1
1,1,23620.0,38.0,5.0,5.0,3,2.0,0,1,0,0,1,0,0,0,1,0,1
0,1,17496.0,33.0,3.0,3.0,3,2.0,0,1,0,0,1,0,0,0,0,1,1
0,1,17206.0,30.0,3.0,4.0,2,1.0,0,1,0,0,1,0,0,0,0,1,1
1,1,17293.0,24.0,3.0,3.0,3,2.0,0,1,1,0,0,0,0,0,0,1,1
0,1,17645.0,43.0,3.0,2.0,3,1.0,0,1,0,1,0,0,0,0,0,1,1
1,3,17683.0,50.0,3.0,4.0,2,0.0,0,1,1,0,0,0,0,0,0,1,1
0,3,17014.0,35.0,3.0,3.0,3,0.0,0,1,1,0,0,0,0,0,0,1,1
1,1,95000.0,36.0,3.0,4.0,2,0.0,0,1,1,0,0,0,0,0,1,0,1
0,1,16951.0,35.0,3.0,3.0,3,0.0,0,1,0,1,0,0,0,0,1,0,1
0,1,17341.0,27.0,5.0,3.0,2,1.0,1,1,0,1,0,0,0,0,1,0,1
0,1,17293.0,26.0,3.0,5.0,2,1.0,0,1,0,0,1,0,0,0,1,0,1
0,1,18022.0,37.0,4.0,3.0,3,1.0,0,1,1,0,0,0,0,0,1,0,1
0,1,17269.0,35.0,3.0,2.0,2,1.0,0,1,1,0,0,0,0,0,1,0,1
1,1,18441.0,38.0,3.0,3.0,2,0.0,0,1,0,0,1,0,0,1,0,0,1
1,1,23620.0,38.0,5.0,3.0,1,0.0,0,1,1,0,0,0,0,0,0,1,1
0,1,17194.0,35.0,5.0,3.0,3,1.0,0,1,1,0,0,0,0,0,0,1,1
1,1,18388.0,38.0,3.0,4.0,3,1.0,0,1,1,0,0,0,0,0,0,1,1
0,1,17703.0,29.0,4.0,3.0,3,0.0,0,1,1,0,0,0,0,0,1,0,1
0,1,17501.0,31.0,4.0,3.0,2,0.0,0,1,0,0,1,0,0,0,0,1,1
0,1,17859.0,35.0,3.0,4.0,1,0.0,0,1,0,0,1,0,0,0,0,1,1
0,3,17322.0,23.0,5.0,3.0,3,1.0,1,1,0,1,0,0,0,1,0,0,1
0,1,17075.0,51.0,3.0,3.0,3,0.0,0,1,1,0,0,0,0,0,1,0,1
1,2,17073.0,37.0,5.0,3.0,3,0.0,0,1,0,1,0,0,0,0,1,0,1
0,1,17956.0,32.0,5.0,3.0,3,2.0,0,1,0,0,1,0,0,0,1,0,1
1,1,17926.0,20.0,3.0,4.0,3,1.0,0,1,0,0,1,0,0,0,1,0,1
0,1,17889.0,25.0,3.0,4.0,3,2.0,0,1,1,0,0,0,0,0,0,1,1
0,1,17871.0,22.0,3.0,3.0,2,1.0,0,1,0,0,1,0,0,0,0,1,1
0,1,17774.0,24.0,3.0,3.0,2,0.0,0,1,1,0,0,0,0,0,1,0,1
0,1,17835.0,36.0,3.0,3.0,2,0.0,0,1,0,1,0,0,0,0,1,0,1
0,1,17613.0,30.0,3.0,5.0,3,2.0,0,1,0,1,0,0,0,0,1,0,1
1,1,19963.0,56.0,4.0,4.0,3,1.0,0,1,1,0,0,0,0,0,1,0,1
0,1,17368.0,26.0,4.0,4.0,2,0.0,0,1,1,0,0,0,0,0,1,0,1
1,3,16675.0,19.0,3.0,3.0,2,1.0,0,1,0,0,1,0,0,0,0,1,1
0,1,17523.0,22.0,3.0,3.0,3,2.0,0,1,1,0,0,0,0,1,0,0,1
0,1,19739.0,43.0,3.0,2.0,3,2.0,0,1,0,0,1,0,0,0,0,1,1
0,2,17942.0,26.0,3.0,3.0,3,0.0,0,1,1,0,0,0,0,0,1,0,1
0,1,23620.0,38.0,5.0,3.0,2,1.0,0,1,0,0,1,0,0,0,0,1,1
0,1,18452.0,38.0,3.0,3.0,2,0.0,0,1,0,0,1,0,0,0,0,1,1
0,1,17632.0,30.0,3.0,3.0,3,0.0,0,1,0,0,1,0,0,0,1,0,1
0,1,18204.0,30.0,5.0,3.0,2,1.0,1,1,0,1,0,0,0,1,0,0,1
0,1,17720.0,30.0,3.0,4.0,2,0.0,0,1,0,0,1,0,0,0,0,1,1
0,1,17238.0,41.0,5.0,3.0,3,2.0,0,1,1,0,0,0,0,0,1,0,1
0,1,16483.0,19.0,4.0,3.0,3,2.0,0,1,0,0,1,0,0,0,0,1,1
1,1,18346.0,58.0,4.0,4.0,3,0.0,0,1,1,0,0,0,0,0,0,1,1
0,3,17231.0,34.0,3.0,3.0,3,2.0,0,1,1,0,0,0,0,0,0,1,1
0,1,17323.0,22.0,3.0,3.0,3,1.0,0,1,1,0,0,0,0,0,0,1,1
0,1,17024.0,27.0,4.0,3.0,2,0.0,0,1,0,1,0,0,0,0,0,1,1
0,1,17713.0,28.0,3.0,3.0,2,0.0,0,1,1,0,0,0,0,0,0,1,1
1,1,17566.0,27.0,3.0,4.0,3,2.0,0,1,0,1,0,0,0,0,0,1,1
0,1,17451.0,41.0,3.0,3.0,2,1.0,0,1,0,1,0,0,0,0,1,0,1
0,1,18038.0,32.0,3.0,3.0,2,1.0,0,1,0,0,1,0,0,0,1,0,1
1,1,18058.0,27.0,4.0,3.0,2,0.0,0,1,1,0,0,0,0,1,0,0,1
0,3,17325.0,19.0,5.0,5.0,3,1.0,1,1,0,0,1,0,0,1,0,0,1
0,1,17088.0,36.0,4.0,3.0,1,0.0,0,1,0,0,1,0,0,0,0,1,1
1,1,23620.0,56.0,5.0,3.0,3,1.0,0,1,0,1,0,0,0,0,1,0,1
0,1,17500.0,33.0,3.0,3.0,2,1.0,0,1,0,0,1,0,0,0,1,0,1
0,1,16102.0,19.0,3.0,4.0,2,0.0,0,1,0,0,1,0,0,0,1,0,1
0,1,17288.0,38.0,3.0,3.0,3,1.0,0,1,0,0,1,0,0,0,1,0,1
1,1,23620.0,38.0,3.0,3.0,3,2.0,0,1,1,0,0,0,0,0,0,1,1
0,1,17311.0,34.0,4.0,3.0,3,0.0,0,1,0,0,1,0,0,0,0,1,1
1,3,18140.0,41.0,4.0,3.0,3,2.0,0,1,0,0,1,0,0,0,0,1,1
0,1,18690.0,38.0,3.0,4.0,2,0.0,0,1,1,0,0,0,0,0,0,1,1
0,1,17756.0,33.0,4.0,3.0,3,0.0,0,1,1,0,0,0,0,0,0,1,1
0,1,17279.0,27.0,4.0,3.0,2,0.0,0,1,0,0,1,0,0,0,0,1,1
0,1,17089.0,43.0,3.0,2.0,2,1.0,0,1,0,1,0,0,0,0,0,1,1
1,1,18564.0,38.0,5.0,2.0,3,2.0,0,1,1,0,0,0,0,0,1,0,1
1,1,23620.0,38.0,3.0,3.0,2,0.0,0,1,0,1,0,0,0,0,0,1,1
1,1,17328.0,22.0,4.0,2.0,2,0.0,0,1,0,1,0,0,0,0,1,0,1
0,1,17153.0,36.0,3.0,3.0,3,2.0,0,1,0,0,1,0,0,0,0,1,1
1,1,17657.0,30.0,5.0,3.0,2,1.0,1,1,0,0,1,0,0,1,0,0,1
0,1,17058.0,29.0,3.0,3.0,2,0.0,0,1,0,0,1,0,0,1,0,0,1
0,1,17622.0,33.0,4.0,4.0,2,0.0,0,1,1,0,0,0,0,0,0,1,1
0,1,17177.0,59.0,3.0,4.0,3,1.0,0,1,1,0,0,0,0,0,1,0,1
0,3,17177.0,37.0,3.0,3.0,2,0.0,0,1,0,1,0,0,0,0,0,1,1
1,1,17389.0,29.0,3.0,4.0,2,1.0,0,1,0,0,1,0,0,0,0,1,1
0,1,18212.0,52.0,3.0,4.0,2,0.0,0,1,0,0,1,0,0,0,1,0,1
0,2,17267.0,59.0,3.0,3.0,2,0.0,0,1,1,0,0,0,0,0,0,1,1
1,1,17436.0,33.0,3.0,3.0,2,1.0,0,1,1,0,0,0,0,0,0,1,1
0,1,17707.0,33.0,5.0,3.0,2,0.0,0,1,1,0,0,0,0,0,1,0,1
0,3,23620.0,38.0,4.0,3.0,2,0.0,0,1,1,0,0,0,0,0,1,0,1
1,1,23620.0,38.0,3.0,4.0,3,0.0,0,1,0,0,1,0,0,0,1,0,1
0,1,17232.0,39.0,3.0,3.0,3,1.0,0,1,0,1,0,0,0,0,0,1,1
0,1,17911.0,33.0,3.0,4.0,3,2.0,0,1,1,0,0,0,0,0,1,0,1
0,1,23620.0,38.0,5.0,4.0,2,1.0,0,1,1,0,0,0,0,0,0,1,1
0,1,17340.0,29.0,3.0,3.0,2,0.0,0,1,0,0,1,0,0,0,1,0,1
1,1,17593.0,42.0,5.0,4.0,2,0.0,0,1,0,1,0,0,0,0,0,1,1
0,1,17723.0,51.0,3.0,3.0,3,0.0,0,1,1,0,0,0,0,0,1,0,1
0,1,18479.0,38.0,4.0,4.0,3,2.0,0,1,0,0,1,0,0,0,0,1,1
0,1,17794.0,32.0,4.0,2.0,3,1.0,0,1,1,0,0,0,0,0,1,0,1
0,1,18485.0,38.0,3.0,3.0,3,1.0,0,1,0,0,1,0,0,0,1,0,1
0,1,18210.0,36.0,3.0,3.0,2,1.0,0,1,1,0,0,0,0,0,1,0,1
0,1,17070.0,28.0,3.0,3.0,3,1.0,0,1,1,0,0,0,0,0,0,1,1
0,1,18230.0,21.0,3.0,4.0,3,1.0,0,1,0,0,1,0,0,0,0,1,1
0,1,17115.0,37.0,3.0,3.0,2,1.0,0,1,0,0,1,0,0,0,1,0,1
1,1,18161.0,44.0,3.0,3.0,2,1.0,0,1,0,1,0,0,0,0,1,0,1
1,1,17373.0,26.0,4.0,3.0,2,1.0,0,1,0,1,0,0,0,0,0,1,1
0,1,18310.0,28.0,3.0,3.0,3,1.0,0,1,0,0,1,0,0,0,1,0,1
0,3,17789.0,31.0,4.0,3.0,2,1.0,0,1,0,1,0,0,0,0,0,1,1
1,1,17326.0,37.0,3.0,3.0,2,0.0,0,1,1,0,0,0,0,0,0,1,1
0,1,16420.0,18.0,3.0,3.0,2,0.0,0,1,0,0,1,0,0,0,1,0,1
0,1,18688.0,38.0,3.0,2.0,2,0.0,0,1,1,0,0,0,0,0,1,0,1
0,3,16200.0,18.0,3.0,4.0,3,2.0,0,1,0,0,1,0,0,0,0,1,1
1,1,19821.0,31.0,3.0,3.0,2,1.0,0,1,1,0,0,0,0,1,0,0,1
1,1,17695.0,31.0,3.0,3.0,2,1.0,0,1,0,1,0,0,0,0,1,0,1
0,1,17455.0,43.0,3.0,3.0,2,1.0,0,1,0,0,1,0,0,0,1,0,1
1,1,17478.0,27.0,4.0,3.0,2,1.0,0,1,0,0,1,0,0,0,1,0,1
1,1,18464.0,38.0,3.0,5.0,2,0.0,0,1,1,0,0,0,0,0,0,1,1
1,1,17119.0,29.0,5.0,5.0,3,1.0,1,1,1,0,0,0,0,0,1,0,1
0,1,23620.0,38.0,3.0,4.0,1,0.0,0,1,0,0,1,0,0,0,1,0,1
0,1,17904.0,23.0,3.0,3.0,2,1.0,0,1,0,1,0,0,0,0,1,0,1
1,2,17696.0,42.0,3.0,3.0,2,0.0,0,1,0,1,0,0,0,1,0,0,1
0,1,17370.0,32.0,4.0,3.0,3,0.0,0,1,1,0,0,0,0,0,0,1,1
1,3,17174.0,21.0,4.0,4.0,2,1.0,1,1,0,0,1,0,0,1,0,0,1
1,1,17213.0,40.0,3.0,2.0,2,1.0,0,1,1,0,0,0,0,0,1,0,1
0,3,17610.0,21.0,3.0,3.0,2,0.0,0,1,0,0,1,0,0,0,0,1,1
1,3,17851.0,33.0,3.0,3.0,2,0.0,0,1,0,0,1,0,0,0,0,1,1
0,1,18452.0,38.0,5.0,3.0,3,1.0,0,1,1,0,0,0,0,0,0,1,1
1,1,17657.0,31.0,4.0,4.0,2,0.0,0,1,0,0,1,0,0,0,1,0,1
0,3,17716.0,21.0,4.0,2.0,2,1.0,0,1,0,0,1,0,0,0,1,0,1
0,1,17201.0,29.0,3.0,3.0,2,0.0,0,1,0,0,1,0,0,0,1,0,1
0,1,23620.0,38.0,4.0,3.0,2,0.0,0,1,0,1,0,0,0,0,0,1,1
0,1,17543.0,36.0,3.0,3.0,3,0.0,0,1,1,0,0,0,0,0,1,0,1
0,3,17476.0,30.0,4.0,3.0,3,2.0,0,1,1,0,0,0,0,1,0,0,1
0,1,18102.0,26.0,5.0,3.0,3,2.0,1,1,0,0,1,0,0,1,0,0,1
0,1,17244.0,22.0,4.0,3.0,2,0.0,0,1,1,0,0,0,0,0,0,1,1
1,1,17285.0,30.0,3.0,3.0,2,1.0,0,1,0,0,1,0,0,1,0,0,1
0,1,18034.0,37.0,5.0,3.0,3,0.0,0,1,0,1,0,0,0,0,1,0,1
0,1,17576.0,42.0,5.0,3.0,3,1.0,0,1,0,1,0,0,0,0,1,0,1
0,1,17258.0,43.0,3.0,3.0,3,2.0,0,1,1,0,0,0,0,0,0,1,1
0,1,17218.0,31.0,5.0,4.0,3,0.0,0,1,1,0,0,0,0,0,1,0,1
0,1,23620.0,38.0,5.0,3.0,3,1.0,0,1,1,0,0,0,0,0,0,1,1
0,1,17654.0,45.0,3.0,3.0,3,0.0,0,1,1,0,0,0,0,0,1,0,1
1,3,18202.0,24.0,4.0,3.0,3,2.0,1,1,0,0,1,0,0,1,0,0,1
0,3,17351.0,34.0,3.0,5.0,2,1.0,0,1,0,1,0,0,0,0,0,1,1
1,1,16702.0,38.0,3.0,3.0,2,1.0,0,1,1,0,0,0,0,0,1,0,1
0,1,17886.0,26.0,3.0,3.0,2,1.0,0,1,0,1,0,0,0,0,1,0,1
0,1,17097.0,30.0,3.0,3.0,2,1.0,0,1,1,0,0,0,0,0,1,0,1
0,1,17546.0,29.0,4.0,4.0,3,2.0,0,1,1,0,0,0,0,1,0,0,1
0,2,17564.0,19.0,3.0,4.0,2,1.0,0,1,0,0,1,0,0,1,0,0,1
0,1,17564.0,30.0,3.0,3.0,2,0.0,0,1,0,0,1,0,0,0,0,1,1
0,1,23620.0,35.0,3.0,5.0,2,0.0,0,1,0,0,1,0,0,0,1,0,1
0,1,17768.0,34.0,3.0,4.0,3,0.0,0,1,0,1,0,0,0,0,1,0,1
0,1,18408.0,38.0,3.0,5.0,2,0.0,0,1,0,1,0,0,0,0,0,1,1
0,3,17983.0,30.0,4.0,3.0,2,0.0,0,1,0,0,1,0,0,0,0,1,1
0,1,17093.0,42.0,3.0,3.0,3,0.0,0,1,1,0,0,0,0,0,1,0,1
0,1,23620.0,38.0,3.0,4.0,2,0.0,0,1,0,0,1,0,0,1,0,0,1
0,1,23620.0,38.0,3.0,3.0,2,0.0,0,1,1,0,0,0,0,0,1,0,1
1,2,17741.0,26.0,3.0,3.0,2,1.0,0,1,0,1,0,0,0,0,1,0,1
1,3,16878.0,18.0,4.0,3.0,3,2.0,0,1,0,0,1,0,0,0,0,1,1
1,1,17340.0,26.0,3.0,5.0,3,2.0,0,1,0,0,1,0,0,1,0,0,1
0,3,17400.0,24.0,3.0,3.0,2,1.0,0,1,1,0,0,0,0,0,0,1,1
1,1,17725.0,24.0,3.0,2.0,2,1.0,0,1,1,0,0,0,0,0,0,1,1
0,1,17127.0,24.0,4.0,4.0,3,1.0,0,1,1,0,0,0,0,0,1,0,1
0,3,17096.0,25.0,3.0,3.0,2,0.0,0,1,1,0,0,0,0,0,0,1,1
1,1,17886.0,24.0,3.0,3.0,2,0.0,0,1,1,0,0,0,0,0,1,0,1
0,3,17033.0,30.0,5.0,4.0,3,0.0,1,1,1,0,0,0,0,0,1,0,1
1,1,18622.0,38.0,3.0,4.0,2,0.0,0,1,1,0,0,0,0,0,1,0,1
0,1,17187.0,27.0,3.0,4.0,3,1.0,0,1,0,1,0,0,0,0,0,1,1
0,1,17836.0,20.0,4.0,4.0,2,0.0,0,1,0,0,1,0,0,0,1,0,1
0,1,17619.0,38.0,5.0,3.0,2,1.0,0,1,0,0,1,0,0,0,1,0,1
1,3,17579.0,34.0,3.0,3.0,2,1.0,0,1,0,1,0,0,0,1,0,0,1
0,3,18041.0,27.0,5.0,3.0,2,1.0,1,1,0,1,0,0,0,0,0,1,1
0,3,18447.0,38.0,3.0,3.0,2,1.0,0,1,0,0,1,0,0,1,0,0,1
0,1,17773.0,22.0,3.0,3.0,3,0.0,0,1,1,0,0,0,0,0,0,1,1
0,1,17083.0,30.0,3.0,3.0,3,1.0,0,1,0,1,0,0,0,0,0,1,1
0,1,17691.0,34.0,3.0,3.0,2,0.0,0,1,1,0,0,0,0,0,1,0,1
1,1,17659.0,26.0,3.0,3.0,3,0.0,0,1,1,0,0,0,0,0,1,0,1
0,1,17045.0,27.0,3.0,4.0,2,0.0,0,1,0,0,1,0,0,0,0,1,1
1,1,16009.0,20.0,3.0,3.0,2,0.0,0,1,0,0,1,0,0,0,0,1,1
1,1,18348.0,33.0,5.0,3.0,3,2.0,0,1,0,0,1,0,0,0,1,0,1
0,1,16281.0,35.0,3.0,4.0,2,1.0,0,1,1,0,0,0,0,0,1,0,1
0,1,17819.0,23.0,5.0,2.0,2,1.0,1,1,1,0,0,0,0,0,0,1,1
0,1,17720.0,29.0,3.0,5.0,3,0.0,0,1,0,1,0,0,0,0,1,0,1
0,1,19680.0,37.0,3.0,2.0,3,1.0,0,1,0,0,1,0,0,0,1,0,1
1,1,18221.0,50.0,3.0,2.0,3,2.0,0,1,1,0,0,0,0,0,0,1,1
0,3,23620.0,38.0,4.0,3.0,2,0.0,0,1,1,0,0,0,0,0,0,1,1
1,1,17216.0,28.0,4.0,5.0,3,0.0,0,1,0,0,1,0,0,0,1,0,1
0,1,18708.0,38.0,3.0,5.0,2,1.0,0,1,0,0,1,0,0,0,0,1,1
0,3,17642.0,29.0,3.0,3.0,2,0.0,0,1,0,0,1,0,0,0,1,0,1
1,1,17759.0,42.0,3.0,2.0,2,1.0,0,1,0,1,0,0,0,0,0,1,1
0,1,17500.0,23.0,5.0,3.0,2,1.0,1,1,1,0,0,0,0,0,0,1,1
1,1,17342.0,40.0,3.0,4.0,2,1.0,0,1,0,0,1,0,0,0,0,1,1
0,3,17297.0,29.0,4.0,3.0,2,1.0,0,1,0,1,0,0,0,0,0,1,1
1,1,18057.0,38.0,3.0,3.0,3,0.0,0,1,1,0,0,0,0,0,0,1,1
1,1,17686.0,33.0,3.0,3.0,3,0.0,0,1,0,0,1,0,0,0,1,0,1
0,1,18505.0,38.0,3.0,2.0,3,1.0,0,1,0,0,1,0,0,0,0,1,1
0,1,23620.0,52.0,3.0,3.0,2,0.0,0,1,1,0,0,0,0,0,0,1,1
0,1,23620.0,26.0,3.0,5.0,3,2.0,0,1,0,1,0,0,0,0,1,0,1
0,1,18280.0,34.0,3.0,1.0,3,0.0,0,1,0,0,1,0,0,0,1,0,1
1,1,17782.0,37.0,5.0,3.0,2,1.0,0,1,0,1,0,0,0,0,1,0,1
0,1,23620.0,34.0,5.0,4.0,2,1.0,0,1,0,0,1,0,0,0,0,1,1
0,3,17572.0,35.0,3.0,3.0,3,0.0,0,1,1,0,0,0,0,0,1,0,1
0,1,23620.0,38.0,3.0,5.0,2,0.0,0,1,1,0,0,0,0,0,1,0,1
1,1,16601.0,23.0,5.0,1.0,3,2.0,1,1,1,0,0,0,0,0,1,0,1
0,1,17694.0,24.0,4.0,4.0,2,0.0,0,1,0,1,0,0,0,0,1,0,1
1,1,17319.0,29.0,5.0,4.0,2,0.0,1,1,1,0,0,0,0,0,1,0,1
0,1,17700.0,29.0,3.0,1.0,2,1.0,0,1,1,0,0,0,0,0,1,0,1
0,1,17506.0,35.0,3.0,1.0,2,0.0,0,1,0,0,1,0,0,0,1,0,1
0,1,23620.0,28.0,3.0,3.0,2,0.0,0,1,0,0,1,0,0,0,0,1,1
0,2,17143.0,36.0,4.0,3.0,2,0.0,0,1,1,0,0,0,0,0,1,0,1
0,1,17274.0,45.0,3.0,4.0,3,1.0,0,1,0,0,1,0,0,0,1,0,1
0,1,17553.0,34.0,3.0,4.0,3,1.0,0,1,0,0,1,0,0,0,1,0,1
0,2,23620.0,38.0,3.0,3.0,2,1.0,0,1,1,0,0,0,0,0,1,0,1
1,1,17366.0,26.0,3.0,4.0,2,1.0,0,1,1,0,0,0,0,0,0,1,1
0,1,16706.0,27.0,3.0,3.0,2,0.0,0,1,1,0,0,0,0,0,0,1,1
0,1,18424.0,38.0,5.0,1.0,3,2.0,0,1,0,0,1,0,0,0,0,1,1
0,1,17559.0,35.0,5.0,4.0,2,1.0,0,1,0,0,1,0,0,0,0,1,1
0,1,23620.0,38.0,3.0,4.0,3,0.0,0,1,0,1,0,0,0,0,1,0,1
0,2,19936.0,28.0,3.0,4.0,3,1.0,0,1,0,1,0,0,0,0,0,1,1
1,1,17818.0,44.0,3.0,1.0,3,2.0,0,1,1,0,0,0,0,0,1,0,1
1,1,17515.0,42.0,3.0,3.0,2,1.0,0,1,0,0,1,0,0,0,0,1,1
0,2,17342.0,36.0,5.0,4.0,3,2.0,0,1,1,0,0,0,0,0,1,0,1
1,1,17022.0,35.0,4.0,3.0,3,0.0,0,1,0,1,0,0,0,0,1,0,1
0,1,17314.0,32.0,3.0,3.0,3,0.0,0,1,0,1,0,0,0,0,1,0,1
0,1,18580.0,38.0,5.0,3.0,2,0.0,0,1,1,0,0,0,0,1,0,0,1
0,1,18162.0,24.0,3.0,4.0,2,0.0,0,1,1,0,0,0,0,0,1,0,1
0,3,17899.0,38.0,4.0,4.0,3,0.0,0,1,1,0,0,0,0,0,0,1,1
1,1,17356.0,31.0,3.0,3.0,2,1.0,0,1,1,0,0,0,0,0,1,0,1
1,3,17800.0,29.0,3.0,4.0,2,1.0,0,1,0,1,0,0,0,0,0,1,1
0,3,17973.0,37.0,3.0,3.0,2,1.0,0,1,1,0,0,0,0,0,0,1,1
1,2,17277.0,33.0,4.0,3.0,2,1.0,0,1,0,1,0,0,0,0,1,0,1
1,1,17795.0,32.0,3.0,3.0,2,0.0,0,1,0,0,1,0,0,0,1,0,1
0,1,17532.0,29.0,3.0,4.0,3,0.0,0,1,0,1,0,0,0,0,0,1,1
1,1,17559.0,44.0,5.0,3.0,3,0.0,0,1,1,0,0,0,0,0,1,0,1
1,1,17380.0,58.0,3.0,4.0,2,0.0,0,1,0,1,0,0,0,0,1,0,1
0,3,17044.0,20.0,3.0,4.0,2,1.0,0,1,0,0,1,0,0,0,0,1,1
0,1,17693.0,21.0,3.0,3.0,3,1.0,0,1,0,0,1,0,0,0,1,0,1
1,3,18294.0,47.0,3.0,4.0,3,0.0,0,1,0,0,1,0,0,0,1,0,1
1,1,17778.0,41.0,3.0,5.0,2,0.0,0,1,0,1,0,0,0,0,1,0,1
0,1,17377.0,28.0,3.0,3.0,3,1.0,0,1,0,1,0,0,0,0,0,1,1
1,1,17404.0,39.0,5.0,3.0,3,1.0,0,1,1,0,0,0,0,0,0,1,1
0,1,17318.0,27.0,3.0,3.0,3,1.0,0,1,0,0,1,0,0,0,1,0,1
0,1,17008.0,34.0,4.0,3.0,2,0.0,0,1,0,1,0,0,0,0,1,0,1
1,1,17799.0,33.0,5.0,4.0,3,0.0,0,1,0,0,1,0,0,0,1,0,1
0,3,17329.0,31.0,3.0,4.0,2,1.0,0,1,1,0,0,0,0,0,1,0,1
0,1,17259.0,48.0,3.0,3.0,2,0.0,0,1,1,0,0,0,0,0,0,1,1
0,1,19678.0,36.0,3.0,3.0,3,2.0,0,1,0,0,1,0,0,0,1,0,1
0,1,17332.0,32.0,4.0,4.0,3,0.0,0,1,1,0,0,0,0,0,1,0,1
1,3,17413.0,25.0,4.0,4.0,2,0.0,0,1,1,0,0,0,0,0,0,1,1
1,1,19721.0,41.0,5.0,3.0,2,0.0,0,1,0,0,1,0,0,0,0,1,1
0,1,17519.0,36.0,3.0,3.0,3,0.0,0,1,0,0,1,0,0,0,0,1,1
1,3,17121.0,19.0,4.0,4.0,2,1.0,0,1,0,0,1,0,0,0,1,0,1
0,1,17973.0,20.0,5.0,3.0,2,1.0,1,1,0,0,1,0,0,1,0,0,1
1,1,18617.0,38.0,4.0,3.0,2,1.0,0,1,0,1,0,0,0,0,0,1,1
0,3,17157.0,29.0,3.0,3.0,2,1.0,0,1,1,0,0,0,0,1,0,0,1
0,1,17479.0,58.0,3.0,3.0,2,1.0,0,1,0,0,1,0,0,1,0,0,1
1,1,17321.0,31.0,5.0,4.0,2,0.0,0,1,0,0,1,0,0,0,0,1,1
1,1,17404.0,29.0,5.0,4.0,3,1.0,1,1,0,0,1,0,0,0,1,0,1
0,1,18452.0,38.0,3.0,3.0,2,0.0,0,1,0,0,1,0,0,0,1,0,1
0,1,17270.0,45.0,3.0,3.0,3,1.0,0,1,0,1,0,0,0,0,0,1,1
0,1,17811.0,27.0,4.0,3.0,2,0.0,0,1,1,0,0,0,0,1,0,0,1
1,1,17132.0,30.0,3.0,3.0,2,1.0,0,1,1,0,0,0,0,0,1,0,1
0,1,17684.0,38.0,3.0,3.0,3,2.0,0,1,1,0,0,0,0,0,0,1,1
1,1,23620.0,38.0,4.0,4.0,2,1.0,0,1,0,1,0,0,0,0,1,0,1
0,1,16051.0,18.0,3.0,3.0,3,1.0,0,1,0,0,1,0,0,0,1,0,1
1,1,17600.0,20.0,5.0,4.0,3,1.0,1,1,0,0,1,0,0,0,0,1,1
0,1,17422.0,30.0,4.0,3.0,2,0.0,0,1,0,0,1,0,0,0,0,1,1
0,1,17451.0,22.0,5.0,5.0,3,0.0,1,1,1,0,0,0,0,0,1,0,1
0,1,23620.0,38.0,3.0,3.0,2,0.0,0,1,0,1,0,0,0,0,1,0,1
0,1,17380.0,50.0,3.0,3.0,3,0.0,0,1,1,0,0,0,0,0,1,0,1
0,1,17743.0,36.0,5.0,1.0,2,0.0,0,1,0,0,1,0,0,0,1,0,1
0,3,17342.0,33.0,3.0,4.0,2,1.0,0,1,0,0,1,0,0,0,1,0,1
0,1,23620.0,38.0,3.0,3.0,3,0.0,0,1,0,0,1,0,0,0,0,1,1
0,2,17177.0,45.0,4.0,3.0,2,0.0,0,1,0,0,1,0,0,0,0,1,1
1,1,17042.0,26.0,5.0,3.0,2,0.0,1,1,1,0,0,0,0,0,1,0,1
1,3,17220.0,34.0,3.0,3.0,2,1.0,0,1,1,0,0,0,0,0,1,0,1
0,3,16052.0,28.0,4.0,3.0,3,1.0,0,1,1,0,0,0,0,0,0,1,1
0,1,17821.0,38.0,3.0,3.0,2,1.0,0,1,1,0,0,0,0,0,1,0,1
0,1,17007.0,26.0,3.0,4.0,3,0.0,0,1,0,1,0,0,0,0,0,1,1
0,1,17942.0,56.0,3.0,3.0,3,0.0,0,1,1,0,0,0,0,0,0,1,1
1,3,17323.0,20.0,3.0,3.0,2,0.0,0,1,0,0,1,0,0,0,0,1,1
0,1,16416.0,21.0,5.0,4.0,2,0.0,1,1,0,0,1,0,0,0,1,0,1
1,1,17461.0,51.0,3.0,3.0,2,1.0,0,1,1,0,0,0,0,0,1,0,1
0,1,18376.0,38.0,3.0,1.0,2,1.0,0,1,1,0,0,0,0,1,0,0,1
0,1,19621.0,27.0,3.0,5.0,2,1.0,0,1,1,0,0,0,0,0,1,0,1
0,1,17207.0,28.0,3.0,3.0,2,1.0,0,1,0,1,0,0,0,0,1,0,1
1,1,18691.0,38.0,3.0,3.0,2,0.0,0,1,1,0,0,0,0,1,0,0,1
0,1,17377.0,26.0,3.0,3.0,2,1.0,0,1,0,1,0,0,0,0,0,1,1
1,1,17313.0,33.0,4.0,4.0,2,0.0,0,1,0,0,1,0,0,0,0,1,1
0,1,17596.0,28.0,4.0,4.0,2,0.0,0,1,0,1,0,0,0,0,0,1,1
0,1,17979.0,34.0,3.0,4.0,2,0.0,0,1,1,0,0,0,0,0,1,0,1
0,1,17514.0,29.0,3.0,3.0,3,1.0,0,1,0,1,0,0,0,0,1,0,1
1,1,17070.0,21.0,4.0,4.0,3,2.0,0,1,0,0,1,0,0,1,0,0,1
0,3,17791.0,31.0,3.0,1.0,3,1.0,0,1,1,0,0,0,0,0,1,0,1
0,1,18201.0,28.0,4.0,4.0,3,2.0,0,1,1,0,0,0,0,0,1,0,1
0,1,18291.0,29.0,4.0,3.0,3,0.0,0,1,0,1,0,0,0,0,1,0,1
0,2,17844.0,38.0,3.0,1.0,2,0.0,0,1,1,0,0,0,0,0,1,0,1
1,1,17703.0,28.0,3.0,4.0,2,0.0,0,1,0,1,0,0,0,0,1,0,1
0,1,16904.0,18.0,3.0,3.0,3,0.0,0,1,0,0,1,0,0,0,0,1,1
1,1,19766.0,41.0,3.0,3.0,2,0.0,0,1,1,0,0,0,0,0,1,0,1
0,1,17610.0,31.0,3.0,3.0,3,2.0,0,1,1,0,0,0,0,0,0,1,1
0,1,17539.0,27.0,3.0,4.0,2,1.0,0,1,1,0,0,0,0,0,1,0,1
0,2,23620.0,35.0,3.0,3.0,3,1.0,0,1,0,0,1,0,0,1,0,0,1
0,1,17258.0,35.0,3.0,4.0,2,1.0,0,1,1,0,0,0,0,0,0,1,1
0,1,18597.0,38.0,4.0,3.0,2,0.0,0,1,0,0,1,0,0,0,0,1,1
1,1,17515.0,28.0,3.0,3.0,3,0.0,0,1,1,0,0,0,0,0,1,0,1
0,1,23620.0,26.0,3.0,1.0,2,1.0,0,1,1,0,0,0,0,0,0,1,1
0,1,17376.0,35.0,3.0,4.0,2,0.0,0,1,1,0,0,0,0,0,1,0,1
0,3,17827.0,32.0,5.0,3.0,3,1.0,0,1,0,1,0,0,0,0,1,0,1
0,1,18131.0,29.0,3.0,3.0,2,0.0,0,1,1,0,0,0,0,0,0,1,1
0,1,17552.0,19.0,5.0,3.0,2,0.0,1,1,0,0,1,0,0,0,1,0,1
1,1,23620.0,45.0,3.0,3.0,2,0.0,0,1,1,0,0,0,0,0,0,1,1
0,1,18033.0,20.0,3.0,4.0,2,1.0,0,1,0,0,1,0,0,0,1,0,1
1,1,17936.0,44.0,3.0,3.0,3,2.0,0,1,0,0,1,0,0,0,1,0,1
1,1,17168.0,29.0,3.0,5.0,3,0.0,0,1,1,0,0,0,0,0,1,0,1
1,1,17853.0,22.0,3.0,4.0,2,0.0,0,1,1,0,0,0,0,0,1,0,1
0,1,17290.0,44.0,3.0,5.0,3,0.0,0,1,0,0,1,0,0,0,1,0,1
0,2,18600.0,38.0,3.0,3.0,2,0.0,0,1,1,0,0,0,0,0,1,0,1
0,1,17107.0,41.0,5.0,4.0,3,0.0,0,1,0,1,0,0,0,0,1,0,1
0,1,18196.0,28.0,5.0,4.0,3,2.0,1,1,1,0,0,0,0,0,0,1,1
0,1,17210.0,24.0,4.0,3.0,3,1.0,0,1,1,0,0,0,0,0,1,0,1
0,1,17741.0,36.0,3.0,5.0,2,0.0,0,1,0,1,0,0,0,0,1,0,1
0,3,17678.0,20.0,3.0,1.0,2,0.0,0,1,0,0,1,0,0,0,0,1,1
0,1,17743.0,32.0,4.0,4.0,3,0.0,0,1,1,0,0,0,0,0,1,0,1
0,1,17781.0,33.0,3.0,3.0,2,0.0,0,1,1,0,0,0,0,0,0,1,1
1,1,18579.0,38.0,4.0,3.0,3,2.0,0,1,1,0,0,0,0,0,0,1,1
1,1,17235.0,27.0,5.0,3.0,2,0.0,1,1,1,0,0,0,0,0,1,0,1
0,1,17011.0,44.0,3.0,1.0,3,0.0,0,1,1,0,0,0,0,0,1,0,1
1,1,16859.0,19.0,4.0,4.0,3,1.0,0,1,0,0,1,0,0,0,0,1,1
0,1,23620.0,38.0,3.0,3.0,3,2.0,0,1,0,1,0,0,0,0,1,0,1
0,1,18692.0,38.0,4.0,3.0,2,1.0,0,1,1,0,0,0,0,1,0,0,1
0,1,17559.0,48.0,4.0,1.0,3,2.0,0,1,0,0,1,0,0,1,0,0,1
0,1,17517.0,27.0,3.0,3.0,3,1.0,0,1,0,1,0,0,0,0,1,0,1
0,1,17585.0,34.0,3.0,1.0,2,0.0,0,1,1,0,0,0,0,1,0,0,1
1,1,17994.0,19.0,3.0,1.0,2,0.0,0,1,0,0,1,0,0,0,1,0,1
0,1,16223.0,23.0,3.0,3.0,2,1.0,0,1,1,0,0,0,0,0,1,0,1
1,3,16118.0,25.0,3.0,5.0,3,1.0,0,1,0,0,1,0,0,0,1,0,1
1,1,17875.0,26.0,3.0,3.0,2,0.0,0,1,0,0,1,0,0,0,1,0,1
0,1,17625.0,21.0,3.0,4.0,2,0.0,0,1,0,0,1,0,0,0,1,0,1
1,1,17154.0,28.0,3.0,3.0,2,0.0,0,1,0,0,1,0,0,0,0,1,1
1,1,18506.0,38.0,3.0,3.0,3,1.0,0,1,1,0,0,0,0,0,1,0,1
1,1,23620.0,38.0,3.0,4.0,2,0.0,0,1,1,0,0,0,0,0,1,0,1
0,1,17838.0,51.0,3.0,4.0,2,1.0,0,1,0,0,1,0,0,0,0,1,1
1,1,18339.0,29.0,3.0,3.0,2,1.0,0,1,0,1,0,0,0,1,0,0,1
0,1,17080.0,28.0,5.0,3.0,2,0.0,1,1,0,0,1,0,0,1,0,0,1
0,1,17096.0,25.0,4.0,3.0,2,0.0,0,1,0,0,1,0,0,0,0,1,1
0,1,17372.0,58.0,3.0,3.0,2,1.0,0,1,0,1,0,0,0,0,1,0,1
0,1,23620.0,38.0,5.0,3.0,3,2.0,0,1,0,0,1,0,0,0,0,1,1
0,2,18423.0,38.0,5.0,3.0,2,0.0,0,1,0,0,1,0,0,0,1,0,1
1,3,17302.0,31.0,4.0,3.0,2,1.0,0,1,0,0,1,0,0,0,1,0,1
0,1,17362.0,44.0,5.0,3.0,2,1.0,0,1,1,0,0,0,0,0,1,0,1
0,1,18544.0,38.0,3.0,3.0,3,2.0,0,1,0,1,0,0,0,0,1,0,1
0,1,18669.0,38.0,3.0,3.0,3,2.0,0,1,1,0,0,0,0,0,0,1,1
0,1,17387.0,40.0,4.0,3.0,2,1.0,0,1,1,0,0,0,0,0,1,0,1
0,3,17534.0,27.0,3.0,1.0,3,1.0,0,1,1,0,0,0,0,0,0,1,1
0,1,16611.0,18.0,3.0,3.0,3,1.0,0,1,0,0,1,0,0,0,1,0,1
0,1,17029.0,34.0,3.0,4.0,3,0.0,0,1,0,1,0,0,0,1,0,0,1
0,3,17785.0,31.0,3.0,4.0,2,1.0,0,1,0,0,1,0,0,0,1,0,1
0,1,17610.0,38.0,3.0,1.0,2,0.0,0,1,0,1,0,0,0,0,1,0,1
1,1,17996.0,37.0,3.0,3.0,2,1.0,0,1,1,0,0,0,0,0,1,0,1
1,1,17394.0,27.0,3.0,3.0,2,0.0,0,1,0,0,1,0,0,0,1,0,1
0,1,23620.0,38.0,3.0,4.0,2,0.0,0,1,0,0,1,0,0,0,0,1,1
0,1,17950.0,52.0,5.0,3.0,2,1.0,0,1,1,0,0,0,0,0,1,0,1
0,1,18629.0,38.0,3.0,3.0,3,1.0,0,1,0,0,1,0,0,0,0,1,1
0,1,18229.0,25.0,3.0,3.0,2,1.0,0,1,1,0,0,0,0,1,0,0,1
0,1,18578.0,38.0,5.0,1.0,3,0.0,0,1,0,0,1,0,0,0,1,0,1
0,3,16359.0,31.0,3.0,5.0,2,1.0,0,1,0,0,1,0,0,0,1,0,1
0,1,17996.0,34.0,5.0,3.0,3,2.0,0,1,0,1,0,0,0,0,1,0,1
0,1,16261.0,31.0,4.0,4.0,2,1.0,0,1,0,0,1,0,0,0,1,0,1
0,1,17099.0,27.0,5.0,3.0,3,2.0,1,1,1,0,0,0,0,0,1,0,1
0,1,18420.0,38.0,3.0,3.0,3,0.0,0,1,1,0,0,0,0,1,0,0,1
0,3,23620.0,25.0,5.0,4.0,3,0.0,1,1,1,0,0,0,0,0,1,0,1
0,1,18500.0,38.0,3.0,1.0,2,0.0,0,1,0,0,1,0,0,1,0,0,1
0,1,17066.0,56.0,5.0,3.0,2,1.0,0,1,1,0,0,0,0,0,1,0,1
0,1,18294.0,34.0,4.0,4.0,2,1.0,0,1,1,0,0,0,0,0,1,0,1
1,1,17127.0,41.0,3.0,1.0,2,1.0,0,1,1,0,0,0,0,0,0,1,1
1,1,18646.0,38.0,5.0,4.0,2,0.0,0,1,0,0,1,0,0,0,1,0,1
0,2,17109.0,31.0,4.0,1.0,3,2.0,0,1,0,0,1,0,0,0,0,1,1
1,1,23620.0,38.0,3.0,3.0,3,1.0,0,1,1,0,0,0,0,0,1,0,1
0,2,17742.0,34.0,3.0,3.0,2,0.0,0,1,1,0,0,0,0,1,0,0,1
0,1,18162.0,44.0,3.0,4.0,2,1.0,0,1,0,0,1,0,0,0,1,0,1
0,1,17345.0,40.0,3.0,3.0,3,0.0,0,1,0,1,0,0,0,0,0,1,1
0,1,18420.0,38.0,4.0,3.0,2,1.0,0,1,0,0,1,0,0,0,1,0,1
0,1,18673.0,38.0,3.0,3.0,3,1.0,0,1,0,0,1,0,0,0,0,1,1
0,1,16274.0,30.0,3.0,3.0,3,0.0,0,1,0,1,0,0,0,1,0,0,1
0,3,17909.0,28.0,3.0,3.0,3,0.0,0,1,1,0,0,0,0,1,0,0,1
0,3,17404.0,35.0,3.0,3.0,3,0.0,0,1,1,0,0,0,0,0,1,0,1
1,1,18172.0,24.0,5.0,3.0,2,1.0,1,1,0,0,1,0,0,0,0,1,1
0,3,17033.0,24.0,4.0,3.0,3,0.0,0,1,1,0,0,0,0,0,1,0,1
0,2,17064.0,30.0,3.0,3.0,2,1.0,0,1,0,1,0,0,0,0,1,0,1
0,1,23620.0,38.0,4.0,4.0,2,0.0,0,1,1,0,0,0,0,0,0,1,1
0,1,17561.0,28.0,5.0,4.0,2,0.0,1,1,0,0,1,0,0,0,0,1,1
0,1,16563.0,28.0,3.0,4.0,3,1.0,0,1,0,1,0,0,0,0,1,0,1
0,1,18180.0,29.0,4.0,3.0,3,2.0,0,1,1,0,0,0,0,0,1,0,1
0,1,17362.0,29.0,5.0,4.0,3,2.0,1,1,0,0,1,0,0,1,0,0,1
0,1,17018.0,40.0,5.0,3.0,2,1.0,0,1,0,0,1,0,0,0,1,0,1
0,1,23620.0,38.0,3.0,3.0,2,1.0,0,1,0,0,1,0,0,0,1,0,1
1,3,17308.0,34.0,3.0,3.0,2,1.0,0,1,0,1,0,0,0,1,0,0,1
0,1,19841.0,42.0,4.0,4.0,3,2.0,0,1,0,1,0,0,0,0,0,1,1
0,1,17132.0,45.0,3.0,3.0,3,2.0,0,1,0,1,0,0,0,1,0,0,1
0,1,17296.0,24.0,5.0,4.0,2,0.0,1,1,0,1,0,0,0,1,0,0,1
0,3,17430.0,35.0,3.0,4.0,3,2.0,0,1,0,1,0,0,0,0,1,0,1
1,3,17644.0,36.0,3.0,3.0,3,0.0,0,1,0,0,1,0,0,0,1,0,1
0,1,17451.0,29.0,3.0,1.0,3,0.0,0,1,0,1,0,0,0,0,1,0,1
0,1,17450.0,35.0,5.0,4.0,3,2.0,0,1,0,0,1,0,0,0,0,1,1
1,1,17074.0,35.0,5.0,3.0,3,1.0,0,1,0,1,0,0,0,0,1,0,1
0,1,17367.0,48.0,5.0,3.0,3,0.0,0,1,0,1,0,0,0,0,1,0,1
0,1,17972.0,34.0,3.0,3.0,2,1.0,0,1,0,0,1,0,0,0,0,1,1
0,1,17061.0,26.0,3.0,3.0,2,1.0,0,1,0,1,0,0,0,0,1,0,1
1,1,19723.0,29.0,5.0,3.0,2,1.0,1,1,0,0,1,0,0,0,0,1,1
0,1,17073.0,23.0,3.0,1.0,2,0.0,0,1,0,1,0,0,0,1,0,0,1
0,1,19876.0,43.0,4.0,1.0,2,1.0,0,1,0,1,0,0,0,1,0,0,1
0,1,17690.0,35.0,3.0,4.0,3,0.0,0,1,0,1,0,0,0,0,1,0,1
1,1,17408.0,28.0,4.0,3.0,2,0.0,0,1,0,1,0,0,0,0,0,1,1
1,1,17814.0,22.0,3.0,4.0,2,0.0,0,1,0,1,0,0,0,0,1,0,1
0,1,18312.0,32.0,3.0,1.0,2,1.0,0,1,0,1,0,0,0,0,1,0,1
0,1,17141.0,30.0,4.0,4.0,2,0.0,0,1,0,1,0,0,0,0,0,1,1
0,1,18211.0,49.0,5.0,3.0,2,0.0,0,1,0,1,0,0,0,0,1,0,1
0,1,23620.0,38.0,5.0,4.0,3,0.0,0,1,0,1,0,0,0,0,1,0,1
0,1,18117.0,21.0,3.0,3.0,3,1.0,0,1,0,0,1,0,0,0,0,1,1
1,3,16569.0,18.0,3.0,3.0,3,1.0,0,1,0,0,1,0,0,0,0,1,1
0,1,23620.0,38.0,4.0,3.0,3,0.0,0,1,0,1,0,0,0,0,0,1,1
1,1,23620.0,38.0,3.0,3.0,2,1.0,0,1,0,0,1,0,0,1,0,0,1
0,1,18517.0,38.0,3.0,1.0,2,0.0,0,1,0,1,0,0,0,0,0,1,1
0,1,17580.0,27.0,3.0,3.0,2,1.0,0,1,0,0,1,0,0,0,0,1,1
1,1,17166.0,40.0,5.0,3.0,3,1.0,0,1,0,0,1,0,0,0,1,0,1
0,3,17783.0,20.0,3.0,3.0,2,0.0,0,1,0,0,1,0,0,0,0,1,1
0,1,17013.0,36.0,4.0,3.0,3,2.0,0,1,0,0,1,0,0,0,1,0,1
1,1,17587.0,49.0,5.0,3.0,3,1.0,0,1,0,1,0,0,0,0,0,1,1
0,1,17440.0,38.0,4.0,4.0,2,0.0,0,1,0,0,1,0,0,0,0,1,1
0,3,17728.0,20.0,5.0,3.0,2,1.0,1,1,0,0,1,0,0,0,1,0,1
1,2,18195.0,44.0,3.0,3.0,2,0.0,0,1,0,1,0,0,0,0,1,0,1
1,1,23620.0,38.0,3.0,4.0,3,2.0,0,1,0,0,1,0,0,0,0,1,1
0,1,18306.0,38.0,3.0,3.0,2,0.0,0,1,0,1,0,0,0,0,0,1,1
1,3,17655.0,48.0,3.0,3.0,3,1.0,0,1,0,1,0,0,0,0,0,1,1
0,1,16393.0,32.0,4.0,3.0,3,1.0,0,1,0,0,1,0,0,0,1,0,1
0,1,17570.0,26.0,3.0,3.0,3,2.0,0,1,0,0,1,0,0,0,0,1,1
0,1,18537.0,38.0,4.0,4.0,3,1.0,0,1,0,1,0,0,0,1,0,0,1
0,1,17028.0,33.0,4.0,1.0,3,1.0,0,1,0,1,0,0,0,0,0,1,1
0,1,17929.0,34.0,3.0,4.0,2,1.0,0,1,0,1,0,0,0,0,1,0,1
1,3,17275.0,23.0,3.0,3.0,2,0.0,0,1,0,1,0,0,0,0,1,0,1
1,1,19930.0,35.0,3.0,4.0,3,0.0,0,1,0,0,1,0,0,0,0,1,1
0,1,23620.0,24.0,3.0,1.0,3,0.0,0,1,0,1,0,0,0,0,0,1,1
0,1,17974.0,29.0,3.0,3.0,2,1.0,0,1,0,1,0,0,0,0,0,1,1
0,2,16555.0,24.0,3.0,5.0,2,1.0,0,1,0,1,0,0,0,0,1,0,1
0,1,17305.0,26.0,3.0,5.0,3,2.0,0,1,0,1,0,0,0,0,0,1,1
0,1,18433.0,38.0,3.0,3.0,2,0.0,0,1,0,1,0,0,0,0,1,0,1
0,1,18477.0,38.0,3.0,3.0,3,2.0,0,1,0,1,0,0,0,0,1,0,1
0,1,23620.0,38.0,5.0,3.0,3,1.0,0,1,0,1,0,0,0,0,0,1,1
0,1,17862.0,30.0,3.0,3.0,2,0.0,0,1,0,1,0,0,0,0,1,0,1
0,1,18295.0,23.0,4.0,3.0,2,1.0,0,1,0,0,1,0,0,0,0,1,1
0,1,19968.0,30.0,5.0,4.0,3,1.0,1,1,0,0,1,0,0,1,0,0,1
0,2,17145.0,24.0,3.0,3.0,2,1.0,0,1,0,1,0,0,0,0,0,1,1
0,2,17180.0,30.0,3.0,4.0,3,2.0,0,1,0,1,0,0,0,0,1,0,1
0,1,18445.0,38.0,3.0,3.0,3,2.0,0,1,0,0,1,0,0,0,0,1,1
0,3,17760.0,29.0,4.0,5.0,2,1.0,0,1,0,0,1,0,0,0,0,1,1
1,1,17932.0,34.0,3.0,1.0,3,1.0,0,1,0,1,0,0,0,0,0,1,1
0,1,17468.0,38.0,4.0,4.0,3,0.0,0,1,0,1,0,0,0,0,0,1,1
0,1,17109.0,29.0,5.0,4.0,3,0.0,1,1,0,1,0,0,0,1,0,0,1
0,1,17718.0,32.0,4.0,3.0,3,1.0,0,1,0,0,1,0,0,1,0,0,1
1,1,17437.0,43.0,3.0,4.0,2,1.0,0,1,0,1,0,0,0,1,0,0,1
0,1,17766.0,42.0,4.0,3.0,2,1.0,0,1,0,1,0,0,0,0,0,1,1
0,1,17289.0,41.0,5.0,3.0,3,1.0,0,1,0,1,0,0,0,0,1,0,1
0,2,18539.0,38.0,3.0,3.0,3,0.0,0,1,0,0,1,0,0,0,1,0,1
0,3,17679.0,21.0,4.0,3.0,2,1.0,0,1,0,0,1,0,0,0,0,1,1
0,1,18702.0,38.0,3.0,4.0,2,1.0,0,1,0,1,0,0,0,0,1,0,1
1,1,17398.0,22.0,5.0,3.0,3,1.0,1,1,0,1,0,0,0,0,0,1,1
1,1,17342.0,44.0,4.0,3.0,2,1.0,0,1,0,1,0,0,0,0,0,1,1
0,1,18143.0,33.0,5.0,1.0,2,1.0,0,1,0,1,0,0,0,0,1,0,1
0,1,17044.0,28.0,3.0,3.0,2,0.0,0,1,0,1,0,0,0,0,1,0,1
0,1,18377.0,38.0,5.0,3.0,2,1.0,0,1,0,1,0,0,0,0,1,0,1
0,2,17592.0,38.0,4.0,3.0,3,2.0,0,1,0,1,0,0,0,0,1,0,1
0,1,17438.0,43.0,3.0,3.0,2,1.0,0,1,0,0,1,0,0,0,1,0,1
1,2,17148.0,26.0,4.0,3.0,3,1.0,0,1,0,1,0,0,0,0,0,1,1
0,1,17705.0,35.0,3.0,5.0,3,0.0,0,1,0,1,0,0,0,0,0,1,1
0,1,18591.0,38.0,5.0,3.0,3,0.0,0,1,0,1,0,0,0,0,0,1,1
0,1,16514.0,18.0,3.0,3.0,2,0.0,0,1,0,0,1,0,0,0,0,1,1
0,2,17956.0,31.0,5.0,1.0,2,0.0,0,1,0,1,0,0,0,0,1,0,1
1,2,17335.0,29.0,5.0,4.0,2,1.0,1,1,0,1,0,0,0,0,1,0,1
1,1,17379.0,27.0,3.0,3.0,2,1.0,0,1,0,0,1,0,0,0,1,0,1
0,1,23620.0,38.0,3.0,3.0,2,1.0,0,1,0,1,0,0,0,0,0,1,1
0,1,17936.0,42.0,3.0,3.0,2,0.0,0,1,0,1,0,0,0,1,0,0,1
0,1,17105.0,47.0,3.0,3.0,3,0.0,0,1,0,0,1,0,0,0,1,0,1
0,2,17706.0,28.0,3.0,3.0,2,1.0,0,1,0,1,0,0,0,0,1,0,1
0,2,17804.0,29.0,4.0,4.0,2,1.0,0,1,0,1,0,0,0,0,0,1,1
1,1,17439.0,29.0,3.0,4.0,3,2.0,0,1,0,0,1,0,0,0,1,0,1
0,1,19774.0,27.0,5.0,4.0,3,0.0,1,1,0,1,0,0,0,0,1,0,1
0,1,17662.0,55.0,3.0,4.0,3,0.0,0,1,0,1,0,0,0,1,0,0,1
0,3,17856.0,28.0,4.0,3.0,3,0.0,0,1,0,1,0,0,0,0,0,1,1
0,3,16081.0,30.0,3.0,3.0,2,0.0,0,1,0,0,1,0,0,0,0,1,1
1,1,17472.0,22.0,4.0,3.0,3,0.0,0,1,0,0,1,0,0,0,1,0,1
0,1,17062.0,29.0,5.0,3.0,2,0.0,1,1,0,0,1,0,0,0,1,0,1
1,1,17933.0,26.0,3.0,4.0,2,0.0,0,1,0,1,0,0,0,0,1,0,1
1,1,17307.0,34.0,5.0,5.0,2,0.0,0,1,0,1,0,0,0,1,0,0,1
0,1,17587.0,56.0,3.0,3.0,3,0.0,0,1,0,0,1,0,0,0,1,0,1
0,1,23620.0,38.0,3.0,1.0,3,2.0,0,1,0,1,0,0,0,0,0,1,1
0,1,17544.0,26.0,3.0,1.0,3,1.0,0,1,0,1,0,0,0,0,1,0,1
0,3,16091.0,29.0,5.0,1.0,2,1.0,1,1,0,0,1,0,0,1,0,0,1
0,1,17226.0,27.0,4.0,3.0,2,1.0,0,1,0,1,0,0,0,1,0,0,1
1,1,17432.0,32.0,3.0,1.0,2,1.0,0,1,0,0,1,0,0,0,1,0,1
0,1,19771.0,38.0,3.0,3.0,3,1.0,0,1,0,1,0,0,0,0,1,0,1
0,2,17863.0,27.0,4.0,4.0,2,0.0,0,1,0,1,0,0,0,0,1,0,1
0,1,17144.0,28.0,3.0,3.0,2,0.0,0,1,0,0,1,0,0,0,0,1,1
1,1,18065.0,31.0,5.0,3.0,2,0.0,0,1,0,1,0,0,0,0,0,1,1
0,1,17810.0,36.0,4.0,1.0,3,0.0,0,1,0,1,0,0,0,0,1,0,1
0,1,17867.0,26.0,5.0,3.0,3,2.0,1,1,0,0,1,0,0,0,0,1,1
0,1,17367.0,28.0,3.0,4.0,2,1.0,0,1,0,1,0,0,0,1,0,0,1
0,3,17858.0,38.0,5.0,4.0,2,1.0,0,1,0,0,1,0,0,0,1,0,1
1,2,17991.0,38.0,4.0,3.0,2,1.0,0,1,0,1,0,0,0,0,1,0,1
1,1,16129.0,31.0,3.0,5.0,2,0.0,0,1,0,1,0,0,0,0,0,1,1
0,1,17647.0,23.0,3.0,3.0,3,0.0,0,1,0,0,1,0,0,0,1,0,1
0,2,17187.0,25.0,4.0,3.0,2,0.0,0,1,0,1,0,0,0,0,1,0,1
0,1,23620.0,38.0,4.0,3.0,3,1.0,0,1,0,1,0,0,0,0,0,1,1
1,1,23620.0,38.0,3.0,3.0,2,0.0,0,1,0,1,0,0,0,0,1,0,1
0,1,17008.0,33.0,3.0,4.0,2,0.0,0,1,0,1,0,0,0,0,0,1,1
0,3,18067.0,31.0,3.0,3.0,2,0.0,0,1,0,1,0,0,0,0,1,0,1
0,1,17782.0,41.0,3.0,3.0,3,0.0,0,1,0,1,0,0,0,0,1,0,1
1,1,17660.0,35.0,3.0,3.0,2,0.0,0,1,0,1,0,0,0,0,0,1,1
0,1,18375.0,38.0,3.0,3.0,3,2.0,0,1,0,0,1,0,0,0,1,0,1
0,1,17837.0,32.0,4.0,4.0,2,0.0,0,1,0,0,1,0,0,0,1,0,1
0,1,17406.0,40.0,3.0,3.0,2,0.0,0,1,0,1,0,0,0,0,1,0,1
0,3,17269.0,32.0,4.0,4.0,3,2.0,0,1,0,1,0,0,0,0,0,1,1
0,3,18482.0,38.0,3.0,3.0,2,1.0,0,1,0,1,0,0,0,0,1,0,1
1,1,17436.0,44.0,3.0,3.0,2,1.0,0,1,0,0,1,0,0,0,0,1,1
1,3,17380.0,21.0,5.0,3.0,2,0.0,1,1,0,0,1,0,0,0,0,1,1
0,3,16790.0,23.0,5.0,3.0,2,0.0,1,1,0,1,0,0,0,0,0,1,1
1,1,19787.0,29.0,3.0,3.0,2,0.0,0,1,0,1,0,0,0,0,0,1,1
0,1,17339.0,56.0,3.0,3.0,3,2.0,0,1,0,1,0,0,0,1,0,0,1
0,1,17439.0,32.0,5.0,3.0,3,1.0,0,1,0,0,1,0,0,1,0,0,1
0,1,17809.0,40.0,3.0,4.0,2,1.0,0,1,0,0,1,0,0,0,1,0,1
0,1,17001.0,40.0,3.0,3.0,3,1.0,0,1,0,1,0,0,0,0,0,1,1
0,1,17977.0,35.0,3.0,5.0,3,1.0,0,1,0,1,0,0,0,0,1,0,1
0,1,23620.0,38.0,5.0,4.0,3,1.0,0,1,0,0,1,0,0,0,0,1,1
0,3,17966.0,26.0,3.0,4.0,1,0.0,0,1,0,0,1,0,0,0,1,0,1
1,1,17090.0,37.0,3.0,4.0,3,2.0,0,1,0,0,1,0,0,0,1,0,1
1,1,17909.0,33.0,3.0,3.0,2,1.0,0,1,0,1,0,0,0,0,1,0,1
0,1,18468.0,38.0,4.0,3.0,2,1.0,0,1,0,1,0,0,0,0,0,1,1
1,1,17670.0,59.0,5.0,1.0,2,1.0,0,1,0,1,0,0,0,0,0,1,1
0,1,17693.0,30.0,3.0,3.0,3,2.0,0,1,0,1,0,0,0,0,1,0,1
0,1,17426.0,35.0,4.0,1.0,2,1.0,0,1,0,1,0,0,0,0,0,1,1
0,1,17661.0,34.0,3.0,3.0,3,0.0,0,1,0,1,0,0,0,0,0,1,1
1,1,18298.0,32.0,4.0,1.0,3,2.0,0,1,0,1,0,0,0,0,1,0,1
1,1,17935.0,22.0,3.0,1.0,3,2.0,0,1,0,1,0,0,0,0,0,1,1
1,1,23620.0,38.0,3.0,3.0,2,0.0,0,1,0,0,1,0,0,0,1,0,1
0,3,18407.0,38.0,5.0,4.0,2,0.0,0,1,0,0,1,0,0,0,1,0,1
0,1,17960.0,34.0,5.0,3.0,2,0.0,0,1,0,0,1,0,0,0,0,1,1
1,1,23620.0,38.0,5.0,5.0,3,0.0,0,1,0,0,1,0,0,0,1,0,1
1,1,17293.0,24.0,3.0,3.0,3,2.0,0,1,0,1,0,0,0,0,0,1,1
0,1,17645.0,43.0,3.0,1.0,3,2.0,0,1,0,1,0,0,0,0,0,1,1
1,3,17683.0,50.0,3.0,4.0,2,1.0,0,1,0,1,0,0,0,0,0,1,1
0,3,17014.0,35.0,3.0,3.0,3,2.0,0,1,0,1,0,0,0,0,0,1,1
1,1,18419.0,38.0,5.0,4.0,2,1.0,0,1,0,1,0,0,0,0,1,0,1
0,1,16951.0,35.0,3.0,3.0,3,1.0,0,1,0,1,0,0,0,0,1,0,1
0,1,17293.0,26.0,3.0,5.0,2,0.0,0,1,0,0,1,0,0,0,1,0,1
0,1,18022.0,37.0,4.0,3.0,3,1.0,0,1,0,1,0,0,0,0,1,0,1
0,1,17269.0,35.0,3.0,1.0,2,1.0,0,1,0,1,0,0,0,0,1,0,1
1,1,23620.0,38.0,5.0,3.0,1,0.0,0,1,0,1,0,0,0,0,0,1,1
0,1,17194.0,35.0,5.0,3.0,3,1.0,0,1,0,1,0,0,0,0,0,1,1
1,1,18388.0,38.0,3.0,4.0,3,2.0,0,1,0,1,0,0,0,0,0,1,1
0,1,17703.0,29.0,4.0,3.0,3,0.0,0,1,0,1,0,0,0,0,1,0,1
0,1,18038.0,36.0,3.0,1.0,2,0.0,0,1,0,1,0,0,0,0,1,0,1
0,3,17322.0,23.0,5.0,3.0,3,2.0,1,1,0,1,0,0,0,1,0,0,1
0,1,17075.0,51.0,3.0,3.0,3,0.0,0,1,0,1,0,0,0,0,1,0,1
1,2,17073.0,37.0,5.0,3.0,3,2.0,0,1,0,1,0,0,0,0,1,0,1
0,1,17956.0,32.0,5.0,3.0,3,1.0,0,1,0,0,1,0,0,0,1,0,1
1,1,17926.0,20.0,3.0,4.0,3,0.0,0,1,0,0,1,0,0,0,1,0,1
0,1,17889.0,25.0,3.0,4.0,3,2.0,0,1,0,1,0,0,0,0,0,1,1
0,1,17774.0,24.0,3.0,3.0,2,0.0,0,1,0,1,0,0,0,0,1,0,1
0,1,17835.0,36.0,3.0,3.0,2,1.0,0,1,0,1,0,0,0,0,1,0,1
0,1,17613.0,30.0,3.0,5.0,3,0.0,0,1,0,1,0,0,0,0,1,0,1
1,1,19963.0,56.0,4.0,4.0,3,0.0,0,1,0,1,0,0,0,0,1,0,1
0,1,17368.0,26.0,4.0,4.0,2,1.0,0,1,0,1,0,0,0,0,1,0,1
1,3,16675.0,19.0,3.0,3.0,2,0.0,0,1,0,0,1,0,0,0,0,1,1
0,1,17523.0,22.0,3.0,3.0,3,0.0,0,1,0,1,0,0,0,1,0,0,1
0,1,19739.0,43.0,3.0,1.0,3,2.0,0,1,0,0,1,0,0,0,0,1,1
0,2,17942.0,26.0,3.0,3.0,3,1.0,0,1,0,1,0,0,0,0,1,0,1
0,1,23620.0,38.0,5.0,3.0,2,0.0,0,1,0,0,1,0,0,0,0,1,1
0,1,17632.0,30.0,3.0,3.0,3,2.0,0,1,0,0,1,0,0,0,1,0,1
0,1,17238.0,41.0,5.0,3.0,3,0.0,0,1,0,1,0,0,0,0,1,0,1
0,1,16483.0,19.0,4.0,3.0,3,0.0,0,1,0,0,1,0,0,0,0,1,1
1,1,18346.0,58.0,4.0,4.0,3,1.0,0,1,0,1,0,0,0,0,0,1,1
0,3,17231.0,34.0,3.0,3.0,3,0.0,0,1,0,1,0,0,0,0,0,1,1
0,1,17323.0,22.0,3.0,3.0,3,0.0,0,1,0,1,0,0,0,0,0,1,1
0,1,17024.0,27.0,4.0,3.0,2,1.0,0,1,0,1,0,0,0,0,0,1,1
0,1,17713.0,28.0,3.0,3.0,2,0.0,0,1,0,1,0,0,0,0,0,1,1
1,1,18058.0,27.0,4.0,3.0,2,0.0,0,1,0,1,0,0,0,1,0,0,1
0,3,17325.0,19.0,5.0,5.0,3,0.0,1,1,0,0,1,0,0,1,0,0,1
0,1,17500.0,33.0,3.0,3.0,2,0.0,0,1,0,0,1,0,0,0,1,0,1
0,1,17288.0,38.0,3.0,3.0,3,2.0,0,1,0,0,1,0,0,0,1,0,1
1,1,23620.0,38.0,3.0,3.0,3,1.0,0,1,0,1,0,0,0,0,0,1,1
1,3,18140.0,41.0,4.0,3.0,3,1.0,0,1,0,0,1,0,0,0,0,1,1
0,1,18690.0,38.0,3.0,4.0,2,0.0,0,1,0,1,0,0,0,0,0,1,1
0,1,17756.0,33.0,4.0,3.0,3,1.0,0,1,0,1,0,0,0,0,0,1,1
0,1,17279.0,27.0,4.0,3.0,4,1.0,0,1,0,0,1,0,0,0,0,1,1
0,1,17089.0,43.0,3.0,1.0,2,0.0,0,1,0,1,0,0,0,0,0,1,1
1,1,18564.0,38.0,5.0,1.0,3,0.0,0,1,0,1,0,0,0,0,1,0,1
1,1,23620.0,38.0,3.0,3.0,2,1.0,0,1,0,1,0,0,0,0,0,1,1
1,1,17328.0,22.0,4.0,1.0,2,0.0,0,1,0,1,0,0,0,0,1,0,1
0,1,17153.0,36.0,3.0,3.0,3,1.0,0,1,0,0,1,0,0,0,0,1,1
1,1,17657.0,30.0,5.0,3.0,2,0.0,1,1,0,0,1,0,0,1,0,0,1
0,1,17622.0,33.0,4.0,4.0,2,1.0,0,1,0,1,0,0,0,0,0,1,1
0,1,17177.0,59.0,3.0,4.0,3,0.0,0,1,0,1,0,0,0,0,1,0,1
0,3,17793.0,37.0,3.0,3.0,2,0.0,0,1,0,1,0,0,0,0,0,1,1
1,1,17389.0,29.0,3.0,4.0,2,0.0,0,1,0,0,1,0,0,0,0,1,1
0,2,17267.0,59.0,3.0,3.0,2,0.0,0,1,0,1,0,0,0,0,0,1,1
1,1,17436.0,33.0,3.0,3.0,2,1.0,0,1,0,1,0,0,0,0,0,1,1
0,1,17707.0,33.0,5.0,3.0,2,1.0,0,1,0,1,0,0,0,0,1,0,1
0,3,23620.0,38.0,4.0,3.0,2,1.0,0,1,0,1,0,0,0,0,1,0,1
1,1,23620.0,38.0,3.0,4.0,3,2.0,0,1,0,0,1,0,0,0,1,0,1
0,1,17232.0,39.0,3.0,3.0,3,0.0,0,1,0,1,0,0,0,0,0,1,1
0,1,17911.0,33.0,3.0,4.0,3,0.0,0,1,0,1,0,0,0,0,1,0,1
0,1,23620.0,38.0,5.0,4.0,2,1.0,0,1,0,1,0,0,0,0,0,1,1
0,1,17340.0,29.0,3.0,3.0,2,1.0,0,1,0,0,1,0,0,0,1,0,1
1,1,17593.0,42.0,5.0,4.0,2,1.0,0,1,0,1,0,0,0,0,0,1,1
0,1,17723.0,51.0,3.0,3.0,3,0.0,0,1,0,1,0,0,0,0,1,0,1
0,1,17794.0,32.0,4.0,1.0,3,1.0,0,1,0,1,0,0,0,0,1,0,1
0,1,18210.0,36.0,3.0,3.0,2,1.0,0,1,0,1,0,0,0,0,1,0,1
0,1,17070.0,28.0,3.0,3.0,3,0.0,0,1,0,1,0,0,0,0,0,1,1
0,1,18230.0,21.0,3.0,4.0,3,2.0,0,1,0,0,1,0,0,0,0,1,1
0,1,17115.0,37.0,3.0,3.0,2,0.0,0,1,0,0,1,0,0,0,1,0,1
1,1,17373.0,26.0,4.0,3.0,2,0.0,0,1,0,1,0,0,0,0,0,1,1
0,3,17789.0,31.0,4.0,3.0,2,0.0,0,1,0,1,0,0,0,0,0,1,1
1,1,17326.0,37.0,3.0,3.0,2,1.0,0,1,0,1,0,0,0,0,0,1,1
0,1,16420.0,18.0,3.0,3.0,2,0.0,0,1,0,0,1,0,0,0,0,1,1
0,1,18688.0,38.0,3.0,1.0,2,1.0,0,1,0,1,0,0,0,0,1,0,1
1,1,19821.0,31.0,3.0,3.0,2,0.0,0,1,0,1,0,0,0,1,0,0,1
0,1,17455.0,43.0,3.0,3.0,2,0.0,0,1,0,0,1,0,0,0,1,0,1
1,1,18464.0,38.0,3.0,5.0,2,1.0,0,1,0,1,0,0,0,0,0,1,1
1,1,17119.0,29.0,5.0,5.0,3,1.0,1,1,0,1,0,0,0,0,1,0,1
1,2,17696.0,42.0,3.0,3.0,2,1.0,0,1,0,1,0,0,0,1,0,0,1
0,1,17370.0,32.0,4.0,3.0,3,1.0,0,1,0,1,0,0,0,0,0,1,1
1,3,17174.0,21.0,4.0,4.0,3,2.0,1,1,0,0,1,0,0,1,0,0,1
1,1,17213.0,40.0,3.0,1.0,2,1.0,0,1,0,1,0,0,0,0,1,0,1
1,3,17851.0,33.0,3.0,3.0,2,1.0,0,1,0,0,1,0,0,0,0,1,1
0,1,18452.0,38.0,5.0,3.0,3,2.0,0,1,0,1,0,0,0,0,0,1,1
0,3,17716.0,21.0,4.0,1.0,2,1.0,0,1,0,0,1,0,0,0,1,0,1
0,1,17543.0,36.0,3.0,3.0,3,0.0,0,1,0,1,0,0,0,0,1,0,1
0,3,17476.0,30.0,4.0,3.0,3,0.0,0,1,0,1,0,0,0,1,0,0,1
0,1,18102.0,26.0,5.0,3.0,3,1.0,1,1,0,0,1,0,0,1,0,0,1
0,1,17244.0,22.0,4.0,3.0,2,1.0,0,1,0,1,0,0,0,0,0,1,1
1,1,17285.0,30.0,3.0,3.0,2,0.0,0,1,0,0,1,0,0,1,0,0,1
0,1,18034.0,37.0,5.0,3.0,3,1.0,0,1,0,1,0,0,0,0,1,0,1
0,1,17576.0,42.0,5.0,3.0,3,2.0,0,1,0,1,0,0,0,0,1,0,1
0,1,17258.0,43.0,3.0,3.0,3,2.0,0,1,0,1,0,0,0,0,0,1,1
0,1,17218.0,31.0,5.0,4.0,3,1.0,0,1,0,1,0,0,0,0,1,0,1
0,1,17654.0,45.0,3.0,3.0,3,2.0,0,1,0,1,0,0,0,0,1,0,1
1,3,18202.0,24.0,4.0,3.0,3,0.0,1,1,0,0,1,0,0,1,0,0,1
1,1,16702.0,38.0,3.0,3.0,2,0.0,0,1,0,1,0,0,0,0,1,0,1
0,1,17886.0,26.0,3.0,3.0,2,0.0,0,1,0,1,0,0,0,0,1,0,1
0,1,17097.0,30.0,3.0,3.0,2,0.0,0,1,0,1,0,0,0,0,1,0,1
0,1,17546.0,29.0,4.0,4.0,3,2.0,0,1,0,1,0,0,0,1,0,0,1
0,2,17564.0,19.0,3.0,4.0,2,0.0,0,1,0,0,1,0,0,1,0,0,1
0,1,23620.0,35.0,3.0,5.0,2,1.0,0,1,0,0,1,0,0,0,1,0,1
0,1,17768.0,34.0,3.0,4.0,3,2.0,0,1,0,1,0,0,0,0,1,0,1
0,1,17093.0,42.0,3.0,3.0,3,1.0,0,1,0,1,0,0,0,0,1,0,1
0,1,23620.0,38.0,3.0,4.0,3,0.0,0,1,0,0,1,0,0,1,0,0,1
0,1,23620.0,38.0,3.0,3.0,2,1.0,0,1,0,1,0,0,0,0,1,0,1
1,3,16878.0,18.0,4.0,3.0,3,0.0,0,1,0,0,1,0,0,0,0,1,1
1,1,17340.0,26.0,3.0,5.0,3,1.0,0,1,0,0,1,0,0,1,0,0,1
0,3,17400.0,24.0,3.0,3.0,2,1.0,0,1,0,1,0,0,0,0,0,1,1
1,1,17725.0,24.0,3.0,1.0,2,0.0,0,1,0,1,0,0,0,0,0,1,1
0,1,17127.0,24.0,4.0,4.0,3,1.0,0,1,0,1,0,0,0,0,1,0,1
0,3,17096.0,25.0,3.0,3.0,2,1.0,0,1,0,1,0,0,0,0,0,1,1
1,1,17886.0,24.0,3.0,3.0,2,0.0,0,1,0,1,0,0,0,0,1,0,1
0,3,17033.0,30.0,5.0,4.0,3,2.0,1,1,0,1,0,0,0,0,1,0,1
1,1,18622.0,38.0,3.0,4.0,2,1.0,0,1,0,1,0,0,0,0,1,0,1
0,1,17836.0,20.0,4.0,4.0,2,1.0,0,1,0,0,1,0,0,0,1,0,1
1,3,17579.0,34.0,3.0,3.0,2,0.0,0,1,0,1,0,0,0,1,0,0,1
0,3,18447.0,38.0,3.0,3.0,2,0.0,0,1,0,0,1,0,0,1,0,0,1
0,1,17773.0,22.0,3.0,3.0,3,1.0,0,1,0,1,0,0,0,0,0,1,1
0,1,17691.0,34.0,3.0,3.0,2,1.0,0,1,0,1,0,0,0,0,1,0,1
1,1,17659.0,26.0,3.0,3.0,3,1.0,0,1,0,1,0,0,0,0,1,0,1
0,1,17045.0,27.0,3.0,4.0,2,1.0,0,1,0,0,1,0,0,0,0,1,1
1,1,16009.0,20.0,3.0,3.0,2,1.0,0,1,0,0,1,0,0,0,0,1,1
1,1,18348.0,38.0,5.0,3.0,3,0.0,0,1,0,0,1,0,0,0,1,0,1
0,1,16281.0,35.0,3.0,4.0,2,1.0,0,1,0,1,0,0,0,0,1,0,1
0,1,17819.0,23.0,5.0,1.0,2,1.0,1,1,0,1,0,0,0,0,0,1,1
0,1,17720.0,29.0,3.0,5.0,3,2.0,0,1,0,1,0,0,0,0,1,0,1
0,1,19680.0,37.0,3.0,1.0,3,2.0,0,1,0,0,1,0,0,0,1,0,1
1,1,18221.0,50.0,3.0,1.0,3,1.0,0,1,0,1,0,0,0,0,0,1,1
0,3,23620.0,38.0,4.0,3.0,2,1.0,0,1,0,1,0,0,0,0,0,1,1
1,1,17216.0,28.0,4.0,5.0,3,2.0,0,1,0,0,1,0,0,0,1,0,1
0,1,18708.0,38.0,3.0,5.0,2,0.0,0,1,0,0,1,0,0,0,0,1,1
0,3,17642.0,29.0,3.0,3.0,3,0.0,0,1,0,0,1,0,0,0,1,0,1
1,1,17759.0,42.0,3.0,1.0,2,0.0,0,1,0,1,0,0,0,0,0,1,1
0,1,17500.0,23.0,5.0,3.0,2,0.0,1,1,0,1,0,0,0,0,0,1,1
1,1,17342.0,40.0,3.0,4.0,2,0.0,0,1,0,0,1,0,0,0,0,1,1
0,3,17297.0,29.0,4.0,3.0,2,0.0,0,1,0,1,0,0,0,0,0,1,1
1,1,18057.0,38.0,3.0,3.0,3,2.0,0,1,0,1,0,0,0,0,0,1,1
0,1,18505.0,38.0,3.0,1.0,3,1.0,0,1,0,0,1,0,0,0,0,1,1
0,1,23620.0,52.0,3.0,3.0,2,0.0,0,1,0,1,0,0,0,0,0,1,1
0,1,23620.0,26.0,3.0,5.0,3,0.0,0,1,0,1,0,0,0,0,1,0,1
0,1,18280.0,34.0,3.0,1.0,3,1.0,0,1,0,0,1,0,0,0,1,0,1
1,1,17782.0,37.0,5.0,3.0,2,0.0,0,1,0,1,0,0,0,0,1,0,1
0,1,23620.0,34.0,5.0,4.0,2,0.0,0,1,0,0,1,0,0,0,0,1,1
0,3,17572.0,35.0,3.0,3.0,3,2.0,0,1,0,1,0,0,0,0,1,0,1
0,1,23620.0,38.0,3.0,5.0,2,0.0,0,1,0,1,0,0,0,0,1,0,1
1,1,16601.0,23.0,5.0,1.0,3,0.0,1,1,0,1,0,0,0,0,1,0,1
0,1,17694.0,24.0,4.0,4.0,2,1.0,0,1,0,1,0,0,0,0,1,0,1
1,1,17319.0,29.0,5.0,4.0,2,0.0,1,1,0,1,0,0,0,0,1,0,1
0,1,17700.0,29.0,3.0,1.0,2,1.0,0,1,0,1,0,0,0,0,1,0,1
0,1,17506.0,35.0,3.0,1.0,2,1.0,0,1,0,0,1,0,0,0,1,0,1
0,1,23620.0,28.0,3.0,3.0,2,1.0,0,1,0,0,1,0,0,0,0,1,1
0,2,17143.0,36.0,4.0,3.0,2,1.0,0,1,0,1,0,0,0,0,1,0,1
0,1,17274.0,45.0,3.0,4.0,3,0.0,0,1,0,0,1,0,0,0,1,0,1
0,1,17553.0,34.0,3.0,4.0,3,2.0,0,1,0,0,1,0,0,0,1,0,1
0,2,23620.0,38.0,3.0,3.0,2,0.0,0,1,0,1,0,0,0,0,1,0,1
1,1,17366.0,26.0,3.0,4.0,2,1.0,0,1,0,1,0,0,0,0,0,1,1
0,1,16706.0,27.0,3.0,3.0,2,0.0,0,1,0,1,0,0,0,0,0,1,1
0,1,18424.0,38.0,5.0,1.0,3,1.0,0,1,0,0,1,0,0,0,0,1,1
0,2,19936.0,28.0,3.0,4.0,3,0.0,0,1,0,1,0,0,0,0,0,1,1
1,1,17818.0,44.0,3.0,1.0,3,0.0,0,1,0,1,0,0,0,0,1,0,1
0,2,17342.0,36.0,5.0,4.0,3,1.0,0,1,0,1,0,0,0,0,1,0,1
1,1,17022.0,35.0,4.0,3.0,3,1.0,0,1,0,1,0,0,0,0,1,0,1
0,1,18580.0,38.0,5.0,3.0,2,0.0,0,1,0,1,0,0,0,1,0,0,1
0,1,18162.0,24.0,3.0,4.0,2,1.0,0,1,0,1,0,0,0,0,1,0,1
0,3,17899.0,38.0,4.0,4.0,3,2.0,0,1,0,1,0,0,0,0,0,1,1
1,1,17356.0,31.0,3.0,3.0,2,0.0,0,1,0,1,0,0,0,0,1,0,1
0,3,17973.0,37.0,3.0,3.0,2,0.0,0,1,0,1,0,0,0,0,0,1,1
0,1,17532.0,29.0,3.0,4.0,3,1.0,0,1,0,1,0,0,0,0,0,1,1
1,1,17559.0,44.0,5.0,3.0,3,0.0,0,1,0,1,0,0,0,0,1,0,1
0,3,17044.0,20.0,3.0,4.0,2,0.0,0,1,0,0,1,0,0,0,0,1,1
0,1,17693.0,21.0,3.0,3.0,3,2.0,0,1,0,0,1,0,0,0,1,0,1
1,1,17778.0,41.0,3.0,5.0,2,1.0,0,1,0,1,0,0,0,0,1,0,1
0,1,17377.0,28.0,3.0,3.0,3,0.0,0,1,0,1,0,0,0,0,0,1,1
1,1,17404.0,39.0,5.0,3.0,3,1.0,0,1,0,1,0,0,0,0,0,1,1
0,1,17318.0,27.0,3.0,3.0,3,0.0,0,1,0,0,1,0,0,0,1,0,1
0,1,17008.0,34.0,4.0,3.0,2,1.0,0,1,0,1,0,0,0,0,1,0,1
1,1,17799.0,33.0,5.0,4.0,3,1.0,0,1,0,0,1,0,0,0,1,0,1
0,3,17329.0,31.0,3.0,4.0,2,1.0,0,1,0,1,0,0,0,0,1,0,1
0,1,17259.0,48.0,3.0,3.0,2,0.0,0,1,0,1,0,0,0,0,0,1,1
0,1,17332.0,32.0,4.0,4.0,3,2.0,0,1,0,1,0,0,0,0,1,0,1
1,3,17413.0,25.0,4.0,4.0,2,1.0,0,1,0,1,0,0,0,0,0,1,1
1,1,19721.0,41.0,5.0,3.0,2,1.0,0,1,0,0,1,0,0,0,0,1,1
0,1,17519.0,36.0,3.0,3.0,3,1.0,0,1,0,0,1,0,0,0,0,1,1
0,1,17973.0,20.0,5.0,3.0,2,0.0,1,1,0,0,1,0,0,1,0,0,1
1,1,18617.0,38.0,4.0,3.0,2,0.0,0,1,0,1,0,0,0,0,0,1,1
0,3,17157.0,29.0,3.0,3.0,2,1.0,0,1,0,1,0,0,0,1,0,0,1
0,1,17479.0,58.0,3.0,3.0,2,0.0,0,1,0,0,1,0,0,1,0,0,1
1,1,17321.0,31.0,5.0,4.0,2,1.0,0,1,0,0,1,0,0,0,0,1,1
1,1,17404.0,29.0,5.0,4.0,3,0.0,1,1,0,0,1,0,0,0,1,0,1
0,1,17270.0,45.0,3.0,3.0,3,0.0,0,1,0,1,0,0,0,0,0,1,1
0,1,17811.0,27.0,4.0,3.0,2,0.0,0,1,0,1,0,0,0,1,0,0,1
1,1,17132.0,30.0,3.0,3.0,2,0.0,0,1,0,1,0,0,0,0,1,0,1
0,1,17684.0,38.0,3.0,3.0,3,0.0,0,1,0,1,0,0,0,0,0,1,1
1,1,17600.0,20.0,5.0,4.0,3,2.0,1,1,0,0,1,0,0,0,0,1,1
0,1,17451.0,22.0,5.0,5.0,3,1.0,1,1,0,1,0,0,0,0,1,0,1
0,1,17380.0,50.0,3.0,3.0,3,2.0,0,1,0,1,0,0,0,0,1,0,1
0,1,23620.0,38.0,3.0,3.0,3,2.0,0,1,0,0,1,0,0,0,0,1,1
0,2,17177.0,45.0,4.0,3.0,2,1.0,0,1,0,0,1,0,0,0,0,1,1
1,1,17042.0,26.0,5.0,3.0,2,0.0,1,1,0,1,0,0,0,0,1,0,1
1,3,17220.0,34.0,3.0,3.0,2,1.0,0,1,0,1,0,0,0,0,1,0,1
0,3,16052.0,28.0,4.0,3.0,3,2.0,0,1,0,1,0,0,0,0,0,1,1
0,1,17821.0,38.0,3.0,3.0,2,0.0,0,1,0,1,0,0,0,0,1,0,1
0,1,17942.0,56.0,3.0,3.0,3,0.0,0,1,0,1,0,0,0,0,0,1,1
0,1,16416.0,21.0,5.0,4.0,2,1.0,1,1,0,0,1,0,0,0,1,0,1
1,1,17461.0,51.0,3.0,3.0,2,0.0,0,1,0,1,0,0,0,0,1,0,1
0,1,18376.0,38.0,3.0,1.0,2,0.0,0,1,0,1,0,0,0,1,0,0,1
0,1,19621.0,27.0,3.0,5.0,2,1.0,0,1,0,1,0,0,0,0,1,0,1
0,1,17207.0,28.0,3.0,3.0,2,0.0,0,1,0,1,0,0,0,0,1,0,1
1,1,18691.0,38.0,3.0,3.0,2,1.0,0,1,0,1,0,0,0,1,0,0,1
0,1,17377.0,26.0,3.0,3.0,2,0.0,0,1,0,1,0,0,0,0,0,1,1
0,1,17979.0,34.0,3.0,4.0,2,0.0,0,1,0,1,0,0,0,0,1,0,1
0,1,17514.0,29.0,3.0,3.0,3,0.0,0,1,0,1,0,0,0,0,1,0,1
1,1,17070.0,21.0,4.0,4.0,3,1.0,0,1,0,0,1,0,0,1,0,0,1
0,3,17791.0,31.0,3.0,1.0,3,0.0,0,1,0,1,0,0,0,0,1,0,1
0,1,18201.0,28.0,4.0,4.0,3,2.0,0,1,0,1,0,0,0,0,1,0,1
0,2,17844.0,38.0,3.0,1.0,2,0.0,0,1,0,1,0,0,0,0,1,0,1
1,1,17703.0,28.0,3.0,4.0,2,1.0,0,1,0,1,0,0,0,0,1,0,1
1,1,19766.0,41.0,3.0,3.0,2,0.0,0,1,0,1,0,0,0,0,1,0,1
0,1,17610.0,31.0,3.0,3.0,3,0.0,0,1,0,1,0,0,0,0,0,1,1
0,1,17539.0,27.0,3.0,4.0,2,1.0,0,1,0,1,0,0,0,0,1,0,1
0,1,17258.0,35.0,3.0,4.0,2,1.0,0,1,0,1,0,0,0,0,0,1,1
0,1,18597.0,38.0,4.0,3.0,2,1.0,0,1,0,0,1,0,0,0,0,1,1
1,1,17515.0,28.0,3.0,3.0,3,1.0,0,1,0,1,0,0,0,0,1,0,1
0,1,23620.0,26.0,3.0,1.0,2,1.0,0,1,0,1,0,0,0,0,0,1,1
0,1,17376.0,35.0,3.0,4.0,2,1.0,0,1,0,1,0,0,0,0,1,0,1
0,3,17827.0,32.0,5.0,3.0,3,0.0,0,1,0,1,0,0,0,0,1,0,1
0,1,18131.0,29.0,3.0,3.0,2,1.0,0,1,0,1,0,0,0,0,0,1,1
0,1,17552.0,19.0,5.0,3.0,2,1.0,1,1,0,0,1,0,0,0,1,0,1
1,1,23620.0,45.0,3.0,3.0,2,1.0,0,1,0,1,0,0,0,0,0,1,1
0,1,18033.0,20.0,3.0,4.0,2,0.0,0,1,0,0,1,0,0,0,1,0,1
1,1,17936.0,44.0,3.0,3.0,3,0.0,0,1,0,0,1,0,0,0,1,0,1
1,1,17168.0,29.0,3.0,5.0,3,1.0,0,1,0,1,0,0,0,0,1,0,1
1,1,17853.0,22.0,3.0,4.0,2,1.0,0,1,0,1,0,0,0,0,1,0,1
0,1,17290.0,44.0,3.0,5.0,3,1.0,0,1,0,0,1,0,0,0,1,0,1
0,2,18600.0,38.0,3.0,3.0,3,2.0,0,1,0,1,0,0,0,0,1,0,1
0,1,17107.0,41.0,5.0,4.0,3,1.0,0,1,0,1,0,0,0,0,1,0,1
0,1,18196.0,28.0,5.0,4.0,3,1.0,1,1,0,1,0,0,0,0,0,1,1
0,1,17210.0,24.0,4.0,3.0,3,2.0,0,1,0,1,0,0,0,0,1,0,1
0,3,17678.0,20.0,3.0,1.0,2,1.0,0,1,0,0,1,0,0,0,0,1,1
0,1,17743.0,32.0,4.0,4.0,3,0.0,0,1,0,1,0,0,0,0,1,0,1
0,1,17781.0,33.0,3.0,3.0,2,1.0,0,1,0,1,0,0,0,0,0,1,1
1,1,18579.0,38.0,4.0,3.0,3,2.0,0,1,0,1,0,0,0,0,0,1,1
1,1,17235.0,27.0,5.0,3.0,2,0.0,1,1,0,1,0,0,0,0,1,0,1
0,1,17011.0,44.0,3.0,1.0,3,2.0,0,1,0,1,0,0,0,0,1,0,1
1,1,16859.0,19.0,4.0,4.0,3,2.0,0,1,0,0,1,0,0,0,0,1,1
0,1,18692.0,38.0,4.0,3.0,2,1.0,0,1,0,1,0,0,0,1,0,0,1
1,3,17559.0,48.0,3.0,5.0,3,2.0,0,1,0,0,1,0,0,0,1,0,1
0,1,21623.0,29.0,3.0,4.0,2,0.0,0,1,0,0,0,1,0,0,1,0,1
1,1,31124.0,29.0,3.0,3.0,2,0.0,0,1,0,1,0,0,0,1,0,0,1
0,1,33213.0,44.0,5.0,3.0,3,2.0,0,1,0,0,1,0,0,0,0,1,1
1,3,16223.0,23.0,4.0,3.0,2,1.0,0,1,0,0,1,0,0,0,1,0,1
0,1,16118.0,25.0,5.0,3.0,2,0.0,1,1,0,1,0,0,0,0,1,0,1
0,3,28577.0,55.0,3.0,4.0,2,0.0,0,1,0,0,1,0,0,0,1,0,1
1,1,19538.0,34.0,3.0,3.0,2,0.0,0,1,0,0,1,0,0,0,1,0,1
0,3,23620.0,34.0,3.0,5.0,2,1.0,0,1,0,0,1,0,0,0,1,0,1
0,1,17154.0,28.0,4.0,4.0,2,1.0,0,1,0,0,1,0,0,0,1,0,1
0,3,34190.0,44.0,5.0,4.0,3,2.0,0,1,0,1,0,0,0,0,1,0,1
1,1,18506.0,38.0,5.0,4.0,2,0.0,0,1,0,0,1,0,0,0,1,0,1
1,1,25231.0,43.0,3.0,3.0,3,0.0,0,1,0,1,0,0,0,0,1,0,1
0,2,20410.0,36.0,3.0,3.0,2,0.0,0,1,0,1,0,0,0,1,0,0,1
0,3,22978.0,44.0,3.0,3.0,3,1.0,0,1,0,1,0,0,0,1,0,0,1
1,1,19695.0,30.0,5.0,3.0,2,1.0,1,1,0,0,1,0,0,0,0,1,1
0,1,18339.0,29.0,5.0,4.0,2,1.0,1,1,0,0,1,0,0,0,0,1,1
0,1,17080.0,28.0,5.0,4.0,3,1.0,1,1,0,0,1,0,0,1,0,0,1
0,1,17096.0,25.0,5.0,3.0,2,0.0,1,1,0,0,1,0,0,0,1,0,1
0,1,21209.0,32.0,3.0,3.0,2,0.0,0,1,0,0,1,0,0,0,1,0,1
1,1,32123.0,39.0,5.0,3.0,3,0.0,0,1,0,1,0,0,0,0,1,0,1
1,1,23620.0,38.0,4.0,3.0,2,0.0,0,1,0,1,0,0,0,0,0,1,1
1,3,19627.0,30.0,3.0,3.0,3,1.0,0,1,0,0,1,0,0,0,0,1,1
1,1,21674.0,28.0,5.0,3.0,3,2.0,1,1,0,0,0,1,0,0,1,0,1
1,1,24094.0,40.0,3.0,4.0,3,2.0,0,1,0,0,0,1,0,0,0,1,1
1,3,23446.0,52.0,3.0,3.0,3,2.0,0,1,0,1,0,0,0,0,0,1,1
0,1,26916.0,30.0,4.0,3.0,3,0.0,0,1,0,0,0,1,0,0,1,0,1
1,3,19534.0,39.0,3.0,3.0,3,2.0,0,1,0,1,0,0,0,0,1,0,1
0,2,24852.0,31.0,3.0,5.0,2,1.0,0,1,0,1,0,0,0,0,1,0,1
0,2,32861.0,42.0,3.0,4.0,3,1.0,0,1,0,1,0,0,0,0,1,0,1
0,3,34187.0,55.0,4.0,5.0,2,1.0,0,1,0,0,1,0,0,0,0,1,1
1,1,23500.0,34.0,3.0,4.0,2,1.0,0,1,0,1,0,0,0,1,0,0,1
0,3,19661.0,40.0,4.0,3.0,2,0.0,0,1,0,0,1,0,0,0,0,1,1
1,1,23620.0,38.0,5.0,3.0,3,2.0,0,1,0,1,0,0,0,0,0,1,1
1,1,23620.0,35.0,4.0,3.0,3,0.0,0,1,0,1,0,0,0,0,0,1,1
1,2,18669.0,38.0,4.0,3.0,3,1.0,0,1,0,1,0,0,0,0,0,1,1
0,2,17387.0,40.0,5.0,1.0,2,1.0,0,1,0,1,0,0,0,0,1,0,1
1,2,19639.0,36.0,5.0,4.0,2,1.0,0,1,0,1,0,0,0,0,1,0,1
1,1,17534.0,27.0,3.0,4.0,3,1.0,0,1,0,0,1,0,0,0,1,0,1
0,3,16611.0,18.0,3.0,3.0,2,1.0,0,1,0,0,1,0,0,0,0,1,1
1,1,20363.0,35.0,4.0,3.0,3,1.0,0,1,0,0,1,0,0,0,1,0,1
1,1,20768.0,38.0,3.0,5.0,4,1.0,0,1,0,0,1,0,1,0,0,0,1
1,1,21587.0,34.0,3.0,4.0,3,2.0,0,1,1,0,0,0,0,0,1,0,1
0,1,22146.0,28.0,4.0,4.0,3,1.0,0,1,1,0,0,0,0,0,0,1,1
0,1,21746.0,33.0,3.0,4.0,4,2.0,0,1,0,0,0,1,0,0,1,0,1
1,1,21348.0,60.0,5.0,3.0,3,2.0,0,1,1,0,0,0,0,0,0,1,1
0,1,21371.0,31.0,3.0,4.0,4,2.0,0,1,0,1,0,0,0,0,1,0,1
0,1,21104.0,36.0,4.0,3.0,3,2.0,0,1,1,0,0,0,0,0,0,1,1
0,1,21589.0,32.0,3.0,4.0,3,2.0,0,1,0,1,0,0,0,0,1,0,1
0,1,21339.0,35.0,3.0,4.0,4,3.0,0,1,0,1,0,0,0,0,0,1,1
1,1,20706.0,29.0,3.0,5.0,3,1.0,0,1,0,0,1,0,0,0,1,0,1
1,1,21976.0,33.0,4.0,3.0,4,1.0,0,1,0,1,0,0,0,0,1,0,1
1,1,21613.0,23.0,3.0,3.0,4,1.0,0,1,0,1,0,0,0,0,0,1,1
1,1,22622.0,39.0,3.0,4.0,3,2.0,0,1,0,0,0,1,0,0,1,0,1
0,1,19910.0,22.0,3.0,4.0,4,2.0,0,1,0,0,1,0,0,0,1,0,1
0,1,21638.0,35.0,5.0,4.0,3,2.0,0,1,0,0,0,1,0,0,0,1,1
1,1,22597.0,33.0,5.0,6.0,4,3.0,0,1,0,0,0,1,0,0,1,0,1
0,1,21174.0,34.0,3.0,4.0,4,3.0,0,1,0,0,1,0,0,0,0,1,1
0,1,20884.0,31.0,3.0,5.0,3,2.0,0,1,0,0,1,0,0,0,0,1,1
1,1,20971.0,25.0,3.0,4.0,4,3.0,0,1,1,0,0,0,0,0,0,1,1
0,1,21323.0,44.0,3.0,3.0,4,2.0,0,1,0,1,0,0,0,0,0,1,1
1,3,21361.0,51.0,3.0,5.0,3,1.0,0,1,1,0,0,0,0,0,0,1,1
0,3,20692.0,36.0,3.0,4.0,4,1.0,0,1,1,0,0,0,0,0,0,1,1
1,1,98678.0,37.0,5.0,5.0,3,1.0,0,1,1,0,0,0,0,0,1,0,1
0,1,20629.0,36.0,3.0,4.0,4,1.0,0,1,0,1,0,0,0,0,1,0,1
0,1,21019.0,28.0,5.0,4.0,3,2.0,1,1,0,1,0,0,0,0,1,0,1
0,1,20971.0,27.0,3.0,6.0,3,2.0,0,1,0,0,1,0,0,0,1,0,1
0,1,21700.0,38.0,4.0,4.0,4,2.0,0,1,1,0,0,0,0,0,1,0,1
0,1,20947.0,36.0,3.0,3.0,3,2.0,0,1,1,0,0,0,0,0,1,0,1
1,1,22119.0,29.0,3.0,4.0,3,1.0,0,1,0,0,0,1,0,1,0,0,1
1,1,22692.0,36.0,5.0,4.0,2,1.0,0,1,1,0,0,0,0,0,0,1,1
0,1,20872.0,36.0,5.0,4.0,4,2.0,0,1,1,0,0,0,0,0,0,1,1
1,1,22066.0,37.0,3.0,5.0,4,2.0,0,1,1,0,0,0,0,0,0,1,1
0,1,21381.0,30.0,4.0,4.0,4,1.0,0,1,1,0,0,0,0,0,1,0,1
0,1,21179.0,32.0,4.0,4.0,3,1.0,0,1,0,0,1,0,0,0,0,1,1
0,1,21537.0,36.0,3.0,5.0,2,1.0,0,1,0,0,0,1,0,0,0,1,1
0,3,21000.0,24.0,5.0,4.0,4,2.0,1,1,0,1,0,0,0,1,0,0,1
0,1,20753.0,52.0,3.0,4.0,4,1.0,0,1,1,0,0,0,0,0,1,0,1
1,2,20751.0,38.0,5.0,4.0,4,1.0,0,1,0,1,0,0,0,0,1,0,1
0,1,21634.0,33.0,5.0,4.0,4,3.0,0,1,0,0,0,1,0,0,1,0,1
1,1,21604.0,21.0,3.0,5.0,4,2.0,0,1,0,0,0,1,0,0,1,0,1
0,1,21567.0,26.0,3.0,5.0,4,3.0,0,1,1,0,0,0,0,0,0,1,1
0,1,21549.0,23.0,3.0,4.0,3,2.0,0,1,0,0,0,1,0,0,0,1,1
0,1,21452.0,25.0,3.0,4.0,3,1.0,0,1,1,0,0,0,0,0,1,0,1
0,1,21513.0,37.0,3.0,4.0,3,1.0,0,1,0,1,0,0,0,0,1,0,1
0,1,21291.0,31.0,3.0,6.0,4,3.0,0,1,0,1,0,0,0,0,1,0,1
1,1,23641.0,57.0,4.0,4.0,4,2.0,0,1,1,0,0,0,0,0,1,0,1
0,1,21046.0,27.0,4.0,5.0,3,1.0,0,1,1,0,0,0,0,0,1,0,1
1,3,20353.0,20.0,3.0,4.0,3,2.0,0,1,0,0,1,0,0,0,0,1,1
0,1,21201.0,23.0,3.0,4.0,4,3.0,0,1,1,0,0,0,0,1,0,0,1
0,1,23417.0,44.0,3.0,3.0,4,3.0,0,1,0,0,0,1,0,0,0,1,1
0,2,21620.0,27.0,3.0,4.0,4,1.0,0,1,1,0,0,0,0,0,1,0,1
0,1,22878.0,33.0,5.0,4.0,3,2.0,0,1,0,0,0,1,0,0,0,1,1
0,1,22130.0,46.0,3.0,4.0,3,1.0,0,1,0,0,0,1,0,0,0,1,1
0,1,21310.0,31.0,3.0,4.0,4,1.0,0,1,0,0,0,1,0,0,1,0,1
0,1,21882.0,31.0,5.0,4.0,3,2.0,0,1,0,1,0,0,0,1,0,0,1
0,1,21398.0,31.0,3.0,5.0,3,1.0,0,1,0,0,0,1,0,0,0,1,1
0,1,20916.0,42.0,5.0,4.0,4,3.0,0,1,1,0,0,0,0,0,1,0,1
0,1,20161.0,20.0,4.0,4.0,4,3.0,0,1,0,0,1,0,0,0,0,1,1
1,1,22024.0,59.0,4.0,5.0,4,1.0,0,1,1,0,0,0,0,0,0,1,1
0,3,20909.0,35.0,3.0,4.0,4,3.0,0,1,1,0,0,0,0,0,0,1,1
0,1,21001.0,23.0,3.0,4.0,4,2.0,0,1,1,0,0,0,0,0,0,1,1
0,1,20702.0,28.0,4.0,4.0,3,1.0,0,1,0,1,0,0,0,0,0,1,1
0,1,21391.0,29.0,3.0,4.0,3,1.0,0,1,1,0,0,0,0,0,0,1,1
1,1,21244.0,28.0,3.0,5.0,4,3.0,0,1,0,1,0,0,0,0,0,1,1
0,1,21129.0,42.0,3.0,4.0,3,2.0,0,1,0,1,0,0,0,0,1,0,1
0,1,21716.0,33.0,3.0,4.0,3,2.0,0,1,0,0,0,1,0,0,1,0,1
1,1,21736.0,28.0,4.0,4.0,3,1.0,0,1,1,0,0,0,0,1,0,0,1
0,3,21003.0,20.0,5.0,6.0,4,2.0,1,1,0,0,1,0,0,1,0,0,1
0,1,20766.0,37.0,4.0,4.0,2,1.0,0,1,0,0,1,0,0,0,0,1,1
1,1,22935.0,57.0,5.0,4.0,4,2.0,0,1,0,1,0,0,0,0,1,0,1
0,1,21178.0,34.0,3.0,4.0,3,2.0,0,1,0,0,1,0,0,0,1,0,1
0,1,19780.0,20.0,3.0,5.0,3,1.0,0,1,0,0,1,0,0,0,1,0,1
0,1,20966.0,39.0,3.0,4.0,4,2.0,0,1,0,0,1,0,0,0,1,0,1
1,1,22607.0,32.0,3.0,4.0,4,3.0,0,1,1,0,0,0,0,0,0,1,1
0,1,20989.0,35.0,4.0,4.0,4,1.0,0,1,0,0,1,0,0,0,0,1,1
1,3,21818.0,42.0,4.0,4.0,4,3.0,0,1,0,0,0,1,0,0,0,1,1
0,1,22368.0,51.0,3.0,5.0,3,1.0,0,1,1,0,0,0,0,0,0,1,1
0,1,21434.0,34.0,4.0,4.0,4,1.0,0,1,1,0,0,0,0,0,0,1,1
0,1,20957.0,28.0,4.0,4.0,3,1.0,0,1,0,0,1,0,0,0,0,1,1
0,1,20767.0,44.0,3.0,3.0,3,2.0,0,1,0,1,0,0,0,0,0,1,1
1,1,22242.0,38.0,5.0,3.0,4,3.0,0,1,1,0,0,0,0,0,1,0,1
1,1,22493.0,35.0,3.0,4.0,3,1.0,0,1,0,1,0,0,0,0,0,1,1
1,1,21006.0,23.0,4.0,3.0,3,1.0,0,1,0,1,0,0,0,0,1,0,1
0,1,20831.0,37.0,3.0,4.0,4,3.0,0,1,0,0,1,0,0,0,0,1,1
1,1,21335.0,31.0,5.0,4.0,3,2.0,0,1,0,0,0,1,0,1,0,0,1
0,1,20736.0,30.0,3.0,4.0,3,1.0,0,1,0,0,1,0,0,1,0,0,1
0,1,21300.0,34.0,4.0,5.0,3,1.0,0,1,1,0,0,0,0,0,0,1,1
0,1,20855.0,60.0,3.0,5.0,4,2.0,0,1,1,0,0,0,0,0,1,0,1
0,3,20855.0,38.0,3.0,4.0,3,1.0,0,1,0,1,0,0,0,0,0,1,1
1,1,21067.0,30.0,3.0,5.0,3,2.0,0,1,0,0,1,0,0,0,0,1,1
0,1,21890.0,53.0,3.0,5.0,3,1.0,0,1,0,0,0,1,0,0,1,0,1
0,2,20945.0,60.0,3.0,4.0,3,1.0,0,1,1,0,0,0,0,0,0,1,1
1,1,21114.0,34.0,3.0,4.0,3,2.0,0,1,1,0,0,0,0,0,0,1,1
0,1,21385.0,34.0,5.0,4.0,3,1.0,0,1,1,0,0,0,0,0,1,0,1
0,3,22609.0,33.0,4.0,4.0,3,1.0,0,1,1,0,0,0,0,0,1,0,1
1,1,22408.0,33.0,3.0,5.0,4,1.0,0,1,0,0,0,1,0,0,1,0,1
0,1,20910.0,40.0,3.0,4.0,4,2.0,0,1,0,1,0,0,0,0,0,1,1
0,1,21589.0,34.0,3.0,5.0,4,3.0,0,1,1,0,0,0,0,0,1,0,1
0,1,22598.0,38.0,5.0,5.0,3,2.0,0,1,1,0,0,0,0,0,0,1,1
0,1,21018.0,30.0,3.0,4.0,3,1.0,0,1,0,0,1,0,0,0,1,0,1
1,1,21271.0,43.0,5.0,5.0,3,1.0,0,1,0,1,0,0,0,0,0,1,1
0,1,21401.0,52.0,3.0,4.0,4,1.0,0,1,1,0,0,0,0,0,1,0,1
0,1,22157.0,32.0,4.0,5.0,4,3.0,0,1,0,0,0,1,0,0,0,1,1
0,1,21472.0,33.0,4.0,3.0,4,2.0,0,1,1,0,0,0,0,0,1,0,1
0,1,22163.0,29.0,3.0,4.0,4,2.0,0,1,0,0,0,1,0,0,1,0,1
0,1,21888.0,37.0,3.0,4.0,3,2.0,0,1,1,0,0,0,0,0,1,0,1
0,1,20748.0,29.0,3.0,4.0,4,2.0,0,1,1,0,0,0,0,0,0,1,1
0,1,21908.0,22.0,3.0,5.0,4,2.0,0,1,0,0,0,1,0,0,0,1,1
0,1,20793.0,38.0,3.0,4.0,3,2.0,0,1,0,0,1,0,0,0,1,0,1
1,1,21839.0,45.0,3.0,4.0,3,2.0,0,1,0,1,0,0,0,0,1,0,1
1,1,21051.0,27.0,4.0,4.0,3,2.0,0,1,0,1,0,0,0,0,0,1,1
0,1,21988.0,29.0,3.0,4.0,4,2.0,0,1,0,0,0,1,0,0,1,0,1
0,3,21467.0,32.0,4.0,4.0,3,2.0,0,1,0,1,0,0,0,0,0,1,1
1,1,21004.0,38.0,3.0,4.0,3,1.0,0,1,1,0,0,0,0,0,0,1,1
0,1,20098.0,19.0,3.0,4.0,3,1.0,0,1,0,0,1,0,0,0,1,0,1
0,1,22366.0,37.0,3.0,3.0,3,1.0,0,1,1,0,0,0,0,0,1,0,1
0,3,19878.0,19.0,3.0,5.0,4,3.0,0,1,0,0,1,0,0,0,0,1,1
1,1,23499.0,32.0,3.0,4.0,3,2.0,0,1,1,0,0,0,0,1,0,0,1
1,1,21373.0,32.0,3.0,4.0,3,2.0,0,1,0,1,0,0,0,0,1,0,1
0,1,21133.0,44.0,3.0,4.0,3,2.0,0,1,0,0,1,0,0,0,1,0,1
1,1,21156.0,28.0,4.0,4.0,3,2.0,0,1,0,0,1,0,0,0,1,0,1
1,1,22142.0,29.0,3.0,6.0,3,1.0,0,1,1,0,0,0,0,0,0,1,1
1,1,20797.0,30.0,5.0,6.0,4,2.0,1,1,1,0,0,0,0,0,1,0,1
0,1,22661.0,30.0,3.0,5.0,2,1.0,0,1,0,0,0,1,0,0,1,0,1
0,1,21582.0,24.0,3.0,4.0,3,2.0,0,1,0,1,0,0,0,0,1,0,1
1,2,21374.0,43.0,3.0,4.0,3,1.0,0,1,0,1,0,0,0,1,0,0,1
0,1,21048.0,33.0,4.0,4.0,4,1.0,0,1,1,0,0,0,0,0,0,1,1
1,3,20852.0,22.0,4.0,5.0,3,2.0,1,1,0,0,1,0,0,1,0,0,1
1,1,20891.0,41.0,3.0,3.0,3,2.0,0,1,1,0,0,0,0,0,1,0,1
0,3,21288.0,22.0,3.0,4.0,3,1.0,0,1,0,0,0,1,0,0,0,1,1
1,3,21529.0,34.0,3.0,4.0,3,1.0,0,1,0,0,0,1,0,0,0,1,1
0,1,22130.0,38.0,5.0,4.0,4,2.0,0,1,1,0,0,0,0,0,0,1,1
1,1,21335.0,32.0,4.0,5.0,3,1.0,0,1,0,0,0,1,0,0,1,0,1
0,3,21394.0,22.0,4.0,3.0,3,2.0,0,1,0,0,0,1,0,0,1,0,1
0,1,20879.0,30.0,3.0,4.0,3,1.0,0,1,0,0,1,0,0,0,1,0,1
0,1,22494.0,28.0,4.0,4.0,3,1.0,0,1,0,1,0,0,0,0,0,1,1
0,1,21221.0,37.0,3.0,4.0,4,1.0,0,1,1,0,0,0,0,0,1,0,1
0,3,21154.0,31.0,4.0,4.0,4,3.0,0,1,1,0,0,0,0,1,0,0,1
0,1,21780.0,27.0,5.0,4.0,4,3.0,1,1,0,0,0,1,0,1,0,0,1
0,1,20922.0,23.0,4.0,4.0,3,1.0,0,1,1,0,0,0,0,0,0,1,1
1,1,20963.0,31.0,3.0,4.0,3,2.0,0,1,0,0,1,0,0,1,0,0,1
0,1,21712.0,38.0,5.0,4.0,4,1.0,0,1,0,1,0,0,0,0,1,0,1
0,1,21254.0,43.0,5.0,4.0,4,2.0,0,1,0,1,0,0,0,0,1,0,1
0,1,20936.0,44.0,3.0,4.0,4,3.0,0,1,1,0,0,0,0,0,0,1,1
0,1,20896.0,32.0,5.0,5.0,4,1.0,0,1,1,0,0,0,0,0,1,0,1
0,1,22709.0,26.0,5.0,4.0,4,2.0,1,1,1,0,0,0,0,0,0,1,1
0,1,21332.0,46.0,3.0,4.0,4,1.0,0,1,1,0,0,0,0,0,1,0,1
1,3,21880.0,25.0,4.0,4.0,4,3.0,1,1,0,0,0,1,0,1,0,0,1
0,3,21029.0,35.0,3.0,6.0,3,2.0,0,1,0,1,0,0,0,0,0,1,1
1,1,20380.0,39.0,3.0,4.0,3,2.0,0,1,1,0,0,0,0,0,1,0,1
0,1,21564.0,27.0,3.0,4.0,3,2.0,0,1,0,1,0,0,0,0,1,0,1
0,1,20775.0,31.0,3.0,4.0,3,2.0,0,1,1,0,0,0,0,0,1,0,1
0,1,21224.0,30.0,4.0,5.0,4,3.0,0,1,1,0,0,0,0,1,0,0,1
0,2,21242.0,20.0,3.0,5.0,3,2.0,0,1,0,0,1,0,0,1,0,0,1
0,1,21242.0,31.0,3.0,4.0,3,1.0,0,1,0,0,1,0,0,0,0,1,1
0,1,22908.0,36.0,3.0,6.0,3,1.0,0,1,0,0,0,1,0,0,1,0,1
0,1,21446.0,35.0,3.0,5.0,4,1.0,0,1,0,1,0,0,0,0,1,0,1
0,1,22086.0,34.0,3.0,6.0,3,1.0,0,1,0,1,0,0,0,0,0,1,1
0,3,21661.0,31.0,4.0,4.0,3,1.0,0,1,0,0,0,1,0,0,0,1,1
0,1,20771.0,43.0,3.0,4.0,4,1.0,0,1,1,0,0,0,0,0,1,0,1
0,1,22572.0,23.0,3.0,5.0,3,1.0,0,1,0,0,0,1,0,1,0,0,1
0,1,22433.0,40.0,3.0,4.0,3,1.0,0,1,1,0,0,0,0,0,1,0,1
1,2,21419.0,27.0,3.0,4.0,3,2.0,0,1,0,1,0,0,0,0,1,0,1
1,3,20556.0,19.0,4.0,4.0,4,3.0,0,1,0,0,1,0,0,0,0,1,1
1,1,21018.0,27.0,3.0,6.0,4,3.0,0,1,0,0,1,0,0,1,0,0,1
0,3,21078.0,25.0,3.0,4.0,3,2.0,0,1,1,0,0,0,0,0,0,1,1
1,1,21403.0,25.0,3.0,3.0,3,2.0,0,1,1,0,0,0,0,0,0,1,1
0,1,20805.0,25.0,4.0,5.0,4,2.0,0,1,1,0,0,0,0,0,1,0,1
0,3,20774.0,26.0,3.0,4.0,3,1.0,0,1,1,0,0,0,0,0,0,1,1
1,1,21564.0,25.0,3.0,4.0,3,1.0,0,1,1,0,0,0,0,0,1,0,1
0,3,20711.0,31.0,5.0,5.0,4,1.0,0,1,1,0,0,0,0,0,1,0,1
1,1,22300.0,35.0,3.0,5.0,3,1.0,0,1,1,0,0,0,0,0,1,0,1
0,1,20865.0,28.0,3.0,5.0,4,2.0,0,1,0,1,0,0,0,0,0,1,1
0,1,21514.0,21.0,4.0,5.0,3,1.0,0,1,0,0,0,1,0,0,1,0,1
0,1,21297.0,39.0,5.0,4.0,3,2.0,0,1,0,0,0,1,0,0,1,0,1
1,3,21257.0,35.0,3.0,4.0,3,2.0,0,1,0,1,0,0,0,1,0,0,1
0,3,21719.0,28.0,5.0,4.0,3,2.0,1,1,0,1,0,0,0,0,0,1,1
0,3,22125.0,22.0,3.0,4.0,3,2.0,0,1,0,0,0,1,0,1,0,0,1
0,1,21451.0,23.0,3.0,4.0,4,1.0,0,1,1,0,0,0,0,0,0,1,1
0,1,20761.0,31.0,3.0,4.0,4,2.0,0,1,0,1,0,0,0,0,0,1,1
0,1,21369.0,35.0,3.0,4.0,3,1.0,0,1,1,0,0,0,0,0,1,0,1
1,1,21337.0,27.0,3.0,4.0,4,1.0,0,1,1,0,0,0,0,0,1,0,1
0,1,20723.0,28.0,3.0,5.0,3,1.0,0,1,0,0,1,0,0,0,0,1,1
1,1,19687.0,21.0,3.0,4.0,3,1.0,0,1,0,0,1,0,0,0,0,1,1
1,1,22026.0,34.0,5.0,4.0,4,3.0,0,1,0,0,0,1,0,0,1,0,1
0,1,19959.0,36.0,3.0,4.0,3,2.0,0,1,1,0,0,0,0,0,1,0,1
0,1,21497.0,24.0,5.0,3.0,3,2.0,1,1,1,0,0,0,0,0,0,1,1
0,1,21398.0,30.0,3.0,6.0,4,1.0,0,1,0,1,0,0,0,0,1,0,1
0,1,23358.0,38.0,3.0,3.0,4,2.0,0,1,0,0,0,1,0,0,1,0,1
1,1,21899.0,51.0,3.0,3.0,4,3.0,0,1,1,0,0,0,0,0,0,1,1
0,3,22553.0,51.0,4.0,4.0,3,1.0,0,1,1,0,0,0,0,0,0,1,1
1,1,20894.0,29.0,4.0,6.0,4,1.0,0,1,0,0,1,0,0,0,1,0,1
0,1,22386.0,45.0,3.0,6.0,3,2.0,0,1,0,0,0,1,0,0,0,1,1
0,3,21320.0,30.0,3.0,4.0,3,1.0,0,1,0,0,0,1,0,0,1,0,1
1,1,21437.0,43.0,3.0,3.0,3,2.0,0,1,0,1,0,0,0,0,0,1,1
0,1,21178.0,24.0,5.0,4.0,3,2.0,1,1,1,0,0,0,0,0,0,1,1
1,1,21020.0,41.0,3.0,5.0,3,2.0,0,1,0,0,1,0,0,0,0,1,1
0,3,20975.0,30.0,4.0,4.0,3,2.0,0,1,0,1,0,0,0,0,0,1,1
1,1,21735.0,39.0,3.0,4.0,4,1.0,0,1,1,0,0,0,0,0,0,1,1
1,1,21364.0,34.0,3.0,4.0,4,1.0,0,1,0,0,0,1,0,0,1,0,1
0,1,22183.0,24.0,3.0,3.0,4,2.0,0,1,0,0,0,1,0,0,0,1,1
0,1,22936.0,53.0,3.0,4.0,3,1.0,0,1,1,0,0,0,0,0,0,1,1
0,1,23042.0,27.0,3.0,6.0,4,3.0,0,1,0,1,0,0,0,0,1,0,1
0,1,21958.0,35.0,3.0,2.0,4,1.0,0,1,0,0,0,1,0,0,1,0,1
1,1,21460.0,38.0,5.0,4.0,3,2.0,0,1,0,1,0,0,0,0,1,0,1
0,1,23059.0,35.0,5.0,5.0,3,2.0,0,1,0,0,0,1,0,0,0,1,1
0,3,21250.0,36.0,3.0,4.0,4,1.0,0,1,1,0,0,0,0,0,1,0,1
0,1,22511.0,31.0,3.0,6.0,3,1.0,0,1,1,0,0,0,0,0,1,0,1
1,1,20279.0,24.0,5.0,2.0,4,3.0,1,1,1,0,0,0,0,0,1,0,1
0,1,21372.0,25.0,4.0,5.0,3,1.0,0,1,0,1,0,0,0,0,1,0,1
1,1,20997.0,30.0,5.0,5.0,3,1.0,1,1,1,0,0,0,0,0,1,0,1
0,1,21378.0,30.0,3.0,2.0,3,2.0,0,1,1,0,0,0,0,0,1,0,1
0,1,21184.0,36.0,3.0,2.0,3,1.0,0,1,0,0,1,0,0,0,1,0,1
0,1,23060.0,29.0,3.0,4.0,3,1.0,0,1,0,0,0,1,0,0,0,1,1
0,2,20821.0,37.0,4.0,4.0,3,1.0,0,1,1,0,0,0,0,0,1,0,1
0,1,20952.0,46.0,3.0,5.0,4,2.0,0,1,0,0,1,0,0,0,1,0,1
0,1,21231.0,35.0,3.0,5.0,4,2.0,0,1,0,0,1,0,0,0,1,0,1
0,2,22415.0,35.0,3.0,4.0,3,2.0,0,1,1,0,0,0,0,0,1,0,1
1,1,21044.0,27.0,3.0,5.0,3,2.0,0,1,1,0,0,0,0,0,0,1,1
0,1,20384.0,28.0,3.0,4.0,3,1.0,0,1,1,0,0,0,0,0,0,1,1
0,1,22102.0,26.0,5.0,2.0,4,3.0,1,1,0,0,0,1,0,0,0,1,1
0,1,21237.0,36.0,5.0,5.0,3,2.0,0,1,0,0,1,0,0,0,0,1,1
0,1,22439.0,31.0,3.0,5.0,4,1.0,0,1,0,1,0,0,0,0,1,0,1
0,2,23614.0,29.0,3.0,5.0,4,2.0,0,1,0,1,0,0,0,0,0,1,1
1,1,21496.0,45.0,3.0,2.0,4,3.0,0,1,1,0,0,0,0,0,1,0,1
1,1,21193.0,43.0,3.0,4.0,3,2.0,0,1,0,0,1,0,0,0,0,1,1
0,2,21020.0,37.0,5.0,5.0,4,3.0,0,1,1,0,0,0,0,0,1,0,1
1,1,20700.0,36.0,4.0,4.0,4,1.0,0,1,0,1,0,0,0,0,1,0,1
0,1,20992.0,33.0,3.0,4.0,4,1.0,0,1,0,1,0,0,0,0,1,0,1
0,1,22258.0,50.0,5.0,4.0,3,1.0,0,1,1,0,0,0,0,1,0,0,1
0,1,21840.0,25.0,3.0,5.0,3,1.0,0,1,1,0,0,0,0,0,1,0,1
0,3,21577.0,39.0,4.0,5.0,4,1.0,0,1,1,0,0,0,0,0,0,1,1
1,1,21034.0,32.0,3.0,4.0,3,2.0,0,1,1,0,0,0,0,0,1,0,1
1,3,21478.0,30.0,3.0,5.0,3,2.0,0,1,0,1,0,0,0,0,0,1,1
0,3,21651.0,38.0,3.0,4.0,3,2.0,0,1,1,0,0,0,0,0,0,1,1
1,2,20955.0,34.0,4.0,4.0,3,2.0,0,1,0,1,0,0,0,0,1,0,1
1,1,21473.0,33.0,3.0,4.0,3,1.0,0,1,0,0,0,1,0,0,1,0,1
0,1,21210.0,30.0,3.0,5.0,4,1.0,0,1,0,1,0,0,0,0,0,1,1
1,1,21237.0,45.0,5.0,4.0,4,1.0,0,1,1,0,0,0,0,0,1,0,1
1,1,21058.0,59.0,3.0,5.0,3,1.0,0,1,0,1,0,0,0,0,1,0,1
0,3,20722.0,21.0,3.0,5.0,3,2.0,0,1,0,0,1,0,0,0,0,1,1
0,1,21371.0,22.0,3.0,4.0,4,2.0,0,1,0,0,0,1,0,0,1,0,1
1,3,21972.0,48.0,3.0,5.0,4,1.0,0,1,0,0,0,1,0,0,1,0,1
1,1,21456.0,42.0,3.0,6.0,3,1.0,0,1,0,1,0,0,0,0,1,0,1
0,1,21055.0,29.0,3.0,4.0,4,2.0,0,1,0,1,0,0,0,0,0,1,1
1,1,21082.0,40.0,5.0,4.0,4,2.0,0,1,1,0,0,0,0,0,0,1,1
0,1,20996.0,28.0,3.0,4.0,4,2.0,0,1,0,0,1,0,0,0,1,0,1
0,1,20686.0,35.0,4.0,4.0,3,1.0,0,1,0,1,0,0,0,0,1,0,1
1,1,21477.0,34.0,5.0,5.0,4,1.0,0,1,0,0,0,1,0,0,1,0,1
0,3,21007.0,32.0,3.0,5.0,3,2.0,0,1,1,0,0,0,0,0,1,0,1
0,1,20937.0,49.0,3.0,4.0,3,1.0,0,1,1,0,0,0,0,0,0,1,1
0,1,23356.0,37.0,3.0,4.0,4,3.0,0,1,0,0,0,1,0,0,1,0,1
0,1,21010.0,33.0,4.0,5.0,4,1.0,0,1,1,0,0,0,0,0,1,0,1
1,3,21091.0,26.0,4.0,5.0,3,1.0,0,1,1,0,0,0,0,0,0,1,1
1,1,23399.0,42.0,5.0,4.0,3,1.0,0,1,0,0,0,1,0,0,0,1,1
0,1,21197.0,37.0,3.0,4.0,4,1.0,0,1,0,0,1,0,0,0,0,1,1
1,3,20799.0,20.0,4.0,5.0,3,2.0,0,1,0,0,1,0,0,0,1,0,1
0,1,21651.0,21.0,5.0,4.0,3,2.0,1,1,0,0,0,1,0,1,0,0,1
1,1,22295.0,41.0,4.0,4.0,3,2.0,0,1,0,1,0,0,0,0,0,1,1
0,3,20835.0,30.0,3.0,4.0,3,2.0,0,1,1,0,0,0,0,1,0,0,1
0,1,21157.0,59.0,3.0,4.0,3,2.0,0,1,0,0,1,0,0,1,0,0,1
1,1,20999.0,32.0,5.0,5.0,3,1.0,0,1,0,0,1,0,0,0,0,1,1
1,1,21082.0,30.0,5.0,5.0,4,2.0,1,1,0,0,1,0,0,0,1,0,1
0,1,22130.0,34.0,3.0,4.0,3,1.0,0,1,0,0,0,1,0,0,1,0,1
0,1,20948.0,46.0,3.0,4.0,4,2.0,0,1,0,1,0,0,0,0,0,1,1
0,1,21489.0,28.0,4.0,4.0,3,1.0,0,1,1,0,0,0,0,1,0,0,1
1,1,20810.0,31.0,3.0,4.0,3,2.0,0,1,1,0,0,0,0,0,1,0,1
0,1,21362.0,39.0,3.0,4.0,4,3.0,0,1,1,0,0,0,0,0,0,1,1
1,1,22421.0,36.0,4.0,5.0,3,2.0,0,1,0,1,0,0,0,0,1,0,1
0,1,19729.0,19.0,3.0,4.0,4,2.0,0,1,0,0,1,0,0,0,1,0,1
1,1,21278.0,21.0,5.0,5.0,4,2.0,1,1,0,0,0,1,0,0,0,1,1
0,1,21100.0,31.0,4.0,4.0,3,1.0,0,1,0,0,1,0,0,0,0,1,1
0,1,21129.0,23.0,5.0,6.0,4,1.0,1,1,1,0,0,0,0,0,1,0,1
0,1,22595.0,36.0,3.0,4.0,3,1.0,0,1,0,1,0,0,0,0,1,0,1
0,1,21058.0,51.0,3.0,4.0,4,1.0,0,1,1,0,0,0,0,0,1,0,1
0,1,21421.0,37.0,5.0,2.0,3,1.0,0,1,0,0,0,1,0,0,1,0,1
0,3,21020.0,34.0,3.0,5.0,3,2.0,0,1,0,0,1,0,0,0,1,0,1
0,1,22703.0,33.0,3.0,4.0,4,1.0,0,1,0,0,0,1,0,0,0,1,1
0,2,20855.0,46.0,4.0,4.0,3,1.0,0,1,0,0,1,0,0,0,0,1,1
1,1,20720.0,27.0,5.0,4.0,3,1.0,1,1,1,0,0,0,0,0,1,0,1
1,3,20898.0,35.0,3.0,4.0,3,2.0,0,1,1,0,0,0,0,0,1,0,1
0,3,19730.0,29.0,4.0,4.0,4,2.0,0,1,1,0,0,0,0,0,0,1,1
0,1,21499.0,39.0,3.0,4.0,3,2.0,0,1,1,0,0,0,0,0,1,0,1
0,1,20685.0,27.0,3.0,5.0,4,1.0,0,1,0,1,0,0,0,0,0,1,1
0,1,21620.0,57.0,3.0,4.0,4,1.0,0,1,1,0,0,0,0,0,0,1,1
1,3,21001.0,21.0,3.0,4.0,3,1.0,0,1,0,0,1,0,0,0,0,1,1
0,1,20094.0,22.0,5.0,5.0,3,1.0,1,1,0,0,1,0,0,0,1,0,1
1,1,21139.0,52.0,3.0,4.0,3,2.0,0,1,1,0,0,0,0,0,1,0,1
0,1,22633.0,27.0,5.0,5.0,3,2.0,1,1,1,0,0,0,0,0,0,1,1
0,1,22054.0,42.0,3.0,2.0,3,2.0,0,1,1,0,0,0,0,1,0,0,1
0,1,23299.0,28.0,3.0,6.0,3,2.0,0,1,1,0,0,0,0,0,1,0,1
0,1,20885.0,29.0,3.0,4.0,3,2.0,0,1,0,1,0,0,0,0,1,0,1
1,1,22369.0,26.0,3.0,4.0,3,1.0,0,1,1,0,0,0,0,1,0,0,1
0,1,21055.0,27.0,3.0,4.0,3,2.0,0,1,0,1,0,0,0,0,0,1,1
1,1,20991.0,34.0,4.0,5.0,3,1.0,0,1,0,0,1,0,0,0,0,1,1
0,1,21274.0,29.0,4.0,5.0,3,1.0,0,1,0,1,0,0,0,0,0,1,1
0,1,21657.0,35.0,3.0,5.0,3,1.0,0,1,1,0,0,0,0,0,1,0,1
0,1,21192.0,30.0,3.0,4.0,4,2.0,0,1,0,1,0,0,0,0,1,0,1
1,1,20748.0,22.0,4.0,5.0,4,3.0,0,1,0,0,1,0,0,1,0,0,1
0,3,21469.0,32.0,3.0,2.0,4,2.0,0,1,1,0,0,0,0,0,1,0,1
0,1,21879.0,29.0,4.0,5.0,4,3.0,0,1,1,0,0,0,0,0,1,0,1
0,1,21969.0,30.0,4.0,4.0,4,1.0,0,1,0,1,0,0,0,0,1,0,1
0,2,21522.0,39.0,3.0,2.0,3,1.0,0,1,1,0,0,0,0,0,1,0,1
1,1,21381.0,29.0,3.0,5.0,3,1.0,0,1,0,1,0,0,0,0,1,0,1
0,1,20582.0,19.0,3.0,4.0,4,1.0,0,1,0,0,1,0,0,0,0,1,1
1,1,23444.0,42.0,3.0,4.0,3,1.0,0,1,1,0,0,0,0,0,1,0,1
0,1,21288.0,32.0,3.0,4.0,4,3.0,0,1,1,0,0,0,0,0,0,1,1
0,1,21217.0,28.0,3.0,5.0,3,2.0,0,1,1,0,0,0,0,0,1,0,1
0,2,23001.0,36.0,3.0,4.0,4,2.0,0,1,0,0,0,1,0,1,0,0,1
0,1,20936.0,36.0,3.0,5.0,3,2.0,0,1,1,0,0,0,0,0,0,1,1
0,1,22275.0,25.0,4.0,4.0,3,1.0,0,1,0,0,0,1,0,0,0,1,1
1,1,21193.0,29.0,3.0,4.0,4,1.0,0,1,1,0,0,0,0,0,1,0,1
0,1,23098.0,27.0,3.0,2.0,3,2.0,0,1,1,0,0,0,0,0,0,1,1
0,1,21054.0,36.0,3.0,5.0,3,1.0,0,1,1,0,0,0,0,0,1,0,1
0,3,21505.0,33.0,5.0,4.0,4,2.0,0,1,0,1,0,0,0,0,1,0,1
0,1,21809.0,30.0,3.0,4.0,3,1.0,0,1,1,0,0,0,0,0,0,1,1
0,1,21230.0,20.0,5.0,4.0,3,1.0,1,1,0,0,1,0,0,0,1,0,1
1,1,23155.0,46.0,3.0,4.0,3,1.0,0,1,1,0,0,0,0,0,0,1,1
0,1,21711.0,21.0,3.0,5.0,3,2.0,0,1,0,0,0,1,0,0,1,0,1
1,1,21614.0,45.0,3.0,4.0,4,3.0,0,1,0,0,0,1,0,0,1,0,1
1,1,20846.0,30.0,3.0,6.0,4,1.0,0,1,1,0,0,0,0,0,1,0,1
1,1,21531.0,23.0,3.0,5.0,3,1.0,0,1,1,0,0,0,0,0,1,0,1
0,1,20968.0,45.0,3.0,6.0,4,1.0,0,1,0,0,1,0,0,0,1,0,1
0,2,22278.0,34.0,3.0,4.0,3,1.0,0,1,1,0,0,0,0,0,1,0,1
0,1,20785.0,42.0,5.0,5.0,4,1.0,0,1,0,1,0,0,0,0,1,0,1
0,1,21874.0,29.0,5.0,5.0,4,3.0,1,1,1,0,0,0,0,0,0,1,1
0,1,20888.0,25.0,4.0,4.0,4,2.0,0,1,1,0,0,0,0,0,1,0,1
0,1,21419.0,37.0,3.0,6.0,3,1.0,0,1,0,1,0,0,0,0,1,0,1
0,3,21356.0,21.0,3.0,2.0,3,1.0,0,1,0,0,0,1,0,0,0,1,1
0,1,21421.0,33.0,4.0,5.0,4,1.0,0,1,1,0,0,0,0,0,1,0,1
0,1,21459.0,34.0,3.0,4.0,3,1.0,0,1,1,0,0,0,0,0,0,1,1
1,1,22257.0,31.0,4.0,4.0,4,3.0,0,1,1,0,0,0,0,0,0,1,1
1,1,20913.0,28.0,5.0,4.0,3,1.0,1,1,1,0,0,0,0,0,1,0,1
0,1,20689.0,45.0,3.0,2.0,4,1.0,0,1,1,0,0,0,0,0,1,0,1
1,1,20537.0,20.0,4.0,5.0,4,2.0,0,1,0,0,1,0,0,0,0,1,1
0,1,22438.0,30.0,3.0,4.0,4,3.0,0,1,0,1,0,0,0,0,1,0,1
0,1,22370.0,37.0,4.0,4.0,3,2.0,0,1,1,0,0,0,0,1,0,0,1
0,1,21237.0,49.0,4.0,2.0,4,3.0,0,1,0,0,1,0,0,1,0,0,1
0,1,21195.0,28.0,3.0,4.0,4,2.0,0,1,0,1,0,0,0,0,1,0,1
0,1,21263.0,35.0,3.0,2.0,3,1.0,0,1,1,0,0,0,0,1,0,0,1
1,1,21672.0,20.0,3.0,2.0,3,1.0,0,1,0,0,0,1,0,0,1,0,1
0,1,19901.0,24.0,3.0,4.0,3,2.0,0,1,1,0,0,0,0,0,1,0,1
1,3,19796.0,26.0,3.0,6.0,4,2.0,0,1,0,0,1,0,0,0,1,0,1
1,1,21553.0,27.0,3.0,4.0,3,1.0,0,1,0,0,0,1,0,0,1,0,1
0,1,21303.0,22.0,3.0,5.0,3,1.0,0,1,0,0,0,1,0,0,1,0,1
1,1,20832.0,29.0,3.0,4.0,3,1.0,0,1,0,0,1,0,0,0,0,1,1
1,1,22184.0,36.0,3.0,4.0,4,2.0,0,1,1,0,0,0,0,0,1,0,1
1,1,22545.0,29.0,3.0,5.0,3,1.0,0,1,1,0,0,0,0,0,1,0,1
0,1,21516.0,52.0,3.0,5.0,3,2.0,0,1,0,0,0,1,0,0,0,1,1
1,1,22017.0,30.0,3.0,4.0,3,2.0,0,1,0,1,0,0,0,1,0,0,1
0,1,20758.0,29.0,5.0,4.0,3,1.0,1,1,0,0,1,0,0,1,0,0,1
0,1,20774.0,26.0,4.0,4.0,3,1.0,0,1,0,0,1,0,0,0,0,1,1
0,1,21050.0,59.0,3.0,4.0,3,2.0,0,1,0,1,0,0,0,0,1,0,1
0,1,22582.0,40.0,5.0,4.0,4,3.0,0,1,0,0,0,1,0,0,0,1,1
0,2,22101.0,47.0,5.0,4.0,3,1.0,0,1,0,0,0,1,0,0,1,0,1
1,3,20980.0,32.0,4.0,4.0,3,2.0,0,1,0,0,1,0,0,0,1,0,1
0,1,21040.0,45.0,5.0,4.0,3,2.0,0,1,1,0,0,0,0,0,1,0,1
0,1,22222.0,41.0,3.0,4.0,4,3.0,0,1,0,1,0,0,0,0,1,0,1
0,1,22347.0,26.0,3.0,4.0,4,3.0,0,1,1,0,0,0,0,0,0,1,1
0,1,21065.0,41.0,4.0,4.0,3,2.0,0,1,1,0,0,0,0,0,1,0,1
0,3,21212.0,28.0,3.0,2.0,4,2.0,0,1,1,0,0,0,0,0,0,1,1
0,1,20289.0,19.0,3.0,4.0,4,2.0,0,1,0,0,1,0,0,0,1,0,1
0,1,20707.0,35.0,3.0,5.0,4,1.0,0,1,0,1,0,0,0,1,0,0,1
0,3,21463.0,32.0,3.0,5.0,3,2.0,0,1,0,0,0,1,0,0,1,0,1
0,1,21288.0,39.0,3.0,2.0,3,1.0,0,1,0,1,0,0,0,0,1,0,1
1,1,21674.0,38.0,3.0,4.0,3,2.0,0,1,1,0,0,0,0,0,1,0,1
1,1,21072.0,28.0,3.0,4.0,3,1.0,0,1,0,0,1,0,0,0,1,0,1
0,1,22582.0,27.0,3.0,5.0,3,1.0,0,1,0,0,0,1,0,0,0,1,1
0,1,21628.0,53.0,5.0,4.0,3,2.0,0,1,1,0,0,0,0,0,1,0,1
0,1,22307.0,38.0,3.0,4.0,4,2.0,0,1,0,0,0,1,0,0,0,1,1
0,1,21907.0,26.0,3.0,4.0,3,2.0,0,1,1,0,0,0,0,1,0,0,1
0,1,22256.0,27.0,5.0,2.0,4,1.0,1,1,0,0,0,1,0,0,1,0,1
0,3,20037.0,32.0,3.0,4.0,3,2.0,0,1,0,0,1,0,0,0,1,0,1
0,1,21674.0,35.0,5.0,4.0,4,3.0,0,1,0,1,0,0,0,0,1,0,1
0,1,19939.0,32.0,4.0,4.0,3,2.0,0,1,0,0,1,0,0,0,1,0,1
0,1,20777.0,28.0,5.0,4.0,4,3.0,1,1,1,0,0,0,0,0,1,0,1
0,1,22098.0,48.0,3.0,4.0,4,1.0,0,1,1,0,0,0,0,1,0,0,1
0,3,23078.0,26.0,5.0,5.0,4,1.0,1,1,1,0,0,0,0,0,1,0,1
0,1,22178.0,38.0,3.0,2.0,3,1.0,0,1,0,0,0,1,0,1,0,0,1
0,1,20744.0,57.0,5.0,4.0,3,2.0,0,1,1,0,0,0,0,0,1,0,1
0,1,21972.0,35.0,4.0,5.0,3,2.0,0,1,1,0,0,0,0,0,1,0,1
1,1,20805.0,42.0,3.0,2.0,3,2.0,0,1,1,0,0,0,0,0,0,1,1
1,1,22324.0,40.0,5.0,5.0,3,1.0,0,1,0,0,0,1,0,0,1,0,1
0,2,20787.0,32.0,4.0,2.0,4,3.0,0,1,0,0,1,0,0,0,0,1,1
1,1,22400.0,32.0,3.0,4.0,4,2.0,0,1,1,0,0,0,0,0,1,0,1
0,2,21420.0,35.0,3.0,4.0,3,1.0,0,1,1,0,0,0,0,1,0,0,1
0,1,21840.0,45.0,3.0,5.0,3,2.0,0,1,0,0,0,1,0,0,1,0,1
0,1,21023.0,41.0,3.0,4.0,4,1.0,0,1,0,1,0,0,0,0,0,1,1
0,1,22098.0,45.0,4.0,4.0,3,2.0,0,1,0,0,0,1,0,0,1,0,1
0,1,22351.0,43.0,3.0,4.0,4,2.0,0,1,0,0,0,1,0,0,0,1,1
0,1,19952.0,31.0,3.0,4.0,4,1.0,0,1,0,1,0,0,0,1,0,0,1
0,3,21587.0,29.0,3.0,4.0,4,1.0,0,1,1,0,0,0,0,1,0,0,1
0,3,21082.0,36.0,3.0,4.0,4,1.0,0,1,1,0,0,0,0,0,1,0,1
1,1,21850.0,25.0,5.0,4.0,3,2.0,1,1,0,0,0,1,0,0,0,1,1
0,3,20711.0,25.0,4.0,4.0,4,1.0,0,1,1,0,0,0,0,0,1,0,1
0,2,20742.0,31.0,3.0,4.0,3,2.0,0,1,0,1,0,0,0,0,1,0,1
0,1,22516.0,34.0,4.0,5.0,3,1.0,0,1,1,0,0,0,0,0,0,1,1
0,1,21239.0,29.0,5.0,5.0,3,1.0,1,1,0,0,1,0,0,0,0,1,1
0,1,20241.0,29.0,3.0,5.0,4,2.0,0,1,0,1,0,0,0,0,1,0,1
0,1,21858.0,30.0,4.0,4.0,4,3.0,0,1,1,0,0,0,0,0,1,0,1
0,1,21040.0,30.0,5.0,5.0,4,3.0,1,1,0,0,1,0,0,1,0,0,1
0,1,20696.0,41.0,5.0,4.0,3,2.0,0,1,0,0,1,0,0,0,1,0,1
0,1,22762.0,32.0,3.0,4.0,3,2.0,0,1,0,0,0,1,0,0,1,0,1
1,3,20986.0,35.0,3.0,4.0,3,2.0,0,1,0,1,0,0,0,1,0,0,1
0,1,23519.0,43.0,4.0,5.0,4,3.0,0,1,0,1,0,0,0,0,0,1,1
0,1,20810.0,46.0,3.0,4.0,4,3.0,0,1,0,1,0,0,0,1,0,0,1
0,1,20974.0,25.0,5.0,5.0,3,1.0,1,1,0,1,0,0,0,1,0,0,1
0,3,21108.0,36.0,3.0,5.0,4,3.0,0,1,0,1,0,0,0,0,1,0,1
1,3,21322.0,37.0,3.0,4.0,4,1.0,0,1,0,0,0,1,0,0,1,0,1
0,1,21129.0,30.0,3.0,2.0,4,1.0,0,1,0,1,0,0,0,0,1,0,1
0,1,21128.0,36.0,5.0,5.0,4,3.0,0,1,0,0,1,0,0,0,0,1,1
1,1,20752.0,36.0,5.0,4.0,4,2.0,0,1,0,1,0,0,0,0,1,0,1
0,1,21045.0,49.0,5.0,4.0,4,1.0,0,1,0,1,0,0,0,0,1,0,1
0,1,21650.0,35.0,3.0,4.0,3,2.0,0,1,0,0,0,1,0,0,0,1,1
0,1,20739.0,27.0,3.0,4.0,3,2.0,0,1,0,1,0,0,0,0,1,0,1
1,1,23401.0,30.0,5.0,4.0,3,2.0,1,1,0,0,0,1,0,0,0,1,1
0,1,20751.0,24.0,3.0,2.0,3,1.0,0,1,0,1,0,0,0,1,0,0,1
0,1,23554.0,44.0,4.0,2.0,3,2.0,0,1,0,1,0,0,0,1,0,0,1
0,1,21368.0,36.0,3.0,5.0,4,1.0,0,1,0,1,0,0,0,0,1,0,1
1,1,21086.0,29.0,4.0,4.0,3,1.0,0,1,0,1,0,0,0,0,0,1,1
1,1,21492.0,23.0,3.0,5.0,3,1.0,0,1,0,1,0,0,0,0,1,0,1
0,1,21990.0,33.0,3.0,2.0,3,2.0,0,1,0,1,0,0,0,0,1,0,1
0,1,20819.0,31.0,4.0,5.0,3,1.0,0,1,0,1,0,0,0,0,0,1,1
0,1,21889.0,50.0,5.0,4.0,3,1.0,0,1,0,1,0,0,0,0,1,0,1
0,1,22744.0,28.0,5.0,5.0,4,1.0,1,1,0,1,0,0,0,0,1,0,1
0,1,21795.0,22.0,3.0,4.0,4,2.0,0,1,0,0,0,1,0,0,0,1,1
1,3,20247.0,19.0,3.0,4.0,4,2.0,0,1,0,0,1,0,0,0,0,1,1
0,1,22614.0,38.0,4.0,4.0,4,1.0,0,1,0,1,0,0,0,0,0,1,1
1,1,22438.0,25.0,3.0,4.0,3,2.0,0,1,0,0,0,1,0,1,0,0,1
0,1,22195.0,28.0,3.0,2.0,3,1.0,0,1,0,1,0,0,0,0,0,1,1
0,1,21258.0,28.0,3.0,4.0,3,2.0,0,1,0,0,1,0,0,0,0,1,1
1,1,20844.0,41.0,5.0,4.0,4,2.0,0,1,0,0,1,0,0,0,1,0,1
0,3,21461.0,21.0,3.0,4.0,3,1.0,0,1,0,0,0,1,0,0,0,1,1
0,1,20691.0,37.0,4.0,4.0,4,3.0,0,1,0,0,1,0,0,0,1,0,1
1,1,21265.0,50.0,5.0,4.0,4,2.0,0,1,0,1,0,0,0,0,0,1,1
0,1,21118.0,39.0,4.0,5.0,3,1.0,0,1,0,0,1,0,0,0,0,1,1
0,3,21406.0,21.0,5.0,4.0,3,2.0,1,1,0,0,0,1,0,0,1,0,1
1,2,21873.0,45.0,3.0,4.0,3,1.0,0,1,0,1,0,0,0,0,1,0,1
1,1,22667.0,24.0,3.0,5.0,4,3.0,0,1,0,0,0,1,0,0,0,1,1
0,1,21984.0,39.0,3.0,4.0,3,1.0,0,1,0,1,0,0,0,0,0,1,1
1,3,21333.0,49.0,3.0,4.0,4,2.0,0,1,0,1,0,0,0,0,0,1,1
0,1,20071.0,33.0,4.0,4.0,4,2.0,0,1,0,0,1,0,0,0,1,0,1
0,1,21248.0,27.0,3.0,4.0,4,3.0,0,1,0,0,1,0,0,0,0,1,1
0,1,22215.0,56.0,4.0,5.0,4,2.0,0,1,0,1,0,0,0,1,0,0,1
0,1,20706.0,34.0,4.0,2.0,4,2.0,0,1,0,1,0,0,0,0,0,1,1
0,1,21607.0,35.0,3.0,5.0,3,2.0,0,1,0,1,0,0,0,0,1,0,1
1,3,20953.0,24.0,3.0,4.0,3,1.0,0,1,0,1,0,0,0,0,1,0,1
1,1,23608.0,36.0,3.0,5.0,4,1.0,0,1,0,0,0,1,0,0,0,1,1
0,1,23079.0,25.0,3.0,2.0,4,1.0,0,1,0,1,0,0,0,0,0,1,1
0,1,21652.0,30.0,3.0,4.0,3,2.0,0,1,0,1,0,0,0,0,0,1,1
0,2,20233.0,25.0,3.0,6.0,3,2.0,0,1,0,1,0,0,0,0,1,0,1
0,1,20983.0,27.0,3.0,6.0,4,3.0,0,1,0,1,0,0,0,0,0,1,1
0,1,22111.0,33.0,3.0,4.0,3,1.0,0,1,0,1,0,0,0,0,1,0,1
0,1,22155.0,32.0,3.0,4.0,4,3.0,0,1,0,1,0,0,0,0,1,0,1
0,1,22585.0,25.0,5.0,4.0,4,2.0,1,1,0,1,0,0,0,0,0,1,1
0,1,21540.0,31.0,3.0,4.0,3,1.0,0,1,0,1,0,0,0,0,1,0,1
0,1,21973.0,24.0,4.0,4.0,3,2.0,0,1,0,0,0,1,0,0,0,1,1
0,1,23646.0,31.0,5.0,5.0,4,2.0,0,1,0,0,0,1,0,1,0,0,1
0,2,20823.0,25.0,3.0,4.0,3,2.0,0,1,0,1,0,0,0,0,0,1,1
0,2,20858.0,31.0,3.0,5.0,4,3.0,0,1,0,1,0,0,0,0,1,0,1
0,1,22123.0,28.0,3.0,4.0,4,3.0,0,1,0,0,0,1,0,0,0,1,1
0,3,21438.0,30.0,4.0,6.0,3,2.0,0,1,0,0,0,1,0,0,0,1,1
1,1,21610.0,35.0,3.0,2.0,4,2.0,0,1,0,1,0,0,0,0,0,1,1
0,1,21146.0,39.0,4.0,5.0,4,1.0,0,1,0,1,0,0,0,0,0,1,1
0,1,20787.0,30.0,5.0,5.0,4,1.0,1,1,0,1,0,0,0,1,0,0,1
0,1,21396.0,33.0,4.0,4.0,4,2.0,0,1,0,0,0,1,0,1,0,0,1
1,1,21115.0,44.0,3.0,5.0,3,2.0,0,1,0,1,0,0,0,1,0,0,1
0,1,21444.0,43.0,4.0,4.0,3,2.0,0,1,0,1,0,0,0,0,0,1,1
0,1,20967.0,42.0,5.0,4.0,4,2.0,0,1,0,1,0,0,0,0,1,0,1
0,2,22217.0,44.0,3.0,4.0,4,1.0,0,1,0,0,0,1,0,0,1,0,1
0,3,21357.0,22.0,4.0,4.0,3,2.0,0,1,0,0,0,1,0,0,0,1,1
0,1,22380.0,39.0,3.0,5.0,3,2.0,0,1,0,1,0,0,0,0,1,0,1
1,1,21076.0,23.0,5.0,4.0,4,2.0,1,1,0,1,0,0,0,0,0,1,1
1,1,21020.0,45.0,4.0,4.0,3,2.0,0,1,0,1,0,0,0,0,0,1,1
0,1,21821.0,34.0,5.0,2.0,3,2.0,0,1,0,1,0,0,0,0,1,0,1
0,1,20722.0,29.0,3.0,4.0,3,1.0,0,1,0,1,0,0,0,0,1,0,1
0,1,22055.0,41.0,5.0,4.0,3,2.0,0,1,0,1,0,0,0,0,1,0,1
0,2,21270.0,39.0,4.0,4.0,4,3.0,0,1,0,1,0,0,0,0,1,0,1
0,1,21116.0,44.0,3.0,4.0,3,2.0,0,1,0,0,1,0,0,0,1,0,1
1,2,20826.0,27.0,4.0,4.0,4,2.0,0,1,0,1,0,0,0,0,0,1,1
0,1,21383.0,36.0,3.0,6.0,4,1.0,0,1,0,1,0,0,0,0,0,1,1
0,1,22269.0,29.0,5.0,4.0,4,1.0,1,1,0,1,0,0,0,0,0,1,1
0,1,20192.0,19.0,3.0,4.0,3,1.0,0,1,0,0,1,0,0,0,0,1,1
0,2,21634.0,32.0,5.0,2.0,3,1.0,0,1,0,1,0,0,0,0,1,0,1
1,2,21013.0,30.0,5.0,5.0,3,2.0,1,1,0,1,0,0,0,0,1,0,1
1,1,21057.0,28.0,3.0,4.0,3,2.0,0,1,0,0,1,0,0,0,1,0,1
0,1,22490.0,30.0,3.0,4.0,3,2.0,0,1,0,1,0,0,0,0,0,1,1
0,1,21614.0,43.0,3.0,4.0,3,1.0,0,1,0,1,0,0,0,1,0,0,1
0,1,20783.0,48.0,3.0,4.0,4,1.0,0,1,0,0,1,0,0,0,1,0,1
0,2,21384.0,29.0,3.0,4.0,3,2.0,0,1,0,1,0,0,0,0,1,0,1
0,1,22646.0,43.0,3.0,4.0,3,2.0,0,1,0,0,0,1,0,0,1,0,1
0,2,21482.0,30.0,4.0,5.0,3,2.0,0,1,0,1,0,0,0,0,0,1,1
1,1,21117.0,30.0,3.0,5.0,4,3.0,0,1,0,0,1,0,0,0,1,0,1
0,1,23452.0,28.0,5.0,5.0,4,1.0,1,1,0,1,0,0,0,0,1,0,1
0,1,21340.0,56.0,3.0,5.0,4,1.0,0,1,0,1,0,0,0,1,0,0,1
0,3,21534.0,29.0,4.0,4.0,4,1.0,0,1,0,1,0,0,0,0,0,1,1
0,3,19759.0,31.0,3.0,4.0,3,1.0,0,1,0,0,1,0,0,0,0,1,1
1,1,21150.0,23.0,4.0,4.0,4,1.0,0,1,0,0,1,0,0,0,1,0,1
0,1,20740.0,30.0,5.0,4.0,3,1.0,1,1,0,0,1,0,0,0,1,0,1
1,1,21611.0,27.0,3.0,5.0,3,1.0,0,1,0,1,0,0,0,0,1,0,1
1,1,20985.0,35.0,5.0,6.0,3,1.0,0,1,0,1,0,0,0,1,0,0,1
0,1,21265.0,57.0,3.0,4.0,4,1.0,0,1,0,0,1,0,0,0,1,0,1
0,1,22656.0,32.0,3.0,2.0,4,3.0,0,1,0,1,0,0,0,0,0,1,1
0,1,21222.0,27.0,3.0,2.0,4,2.0,0,1,0,1,0,0,0,0,1,0,1
0,3,19769.0,30.0,5.0,2.0,3,2.0,1,1,0,0,1,0,0,1,0,0,1
0,1,20904.0,28.0,4.0,4.0,3,2.0,0,1,0,1,0,0,0,1,0,0,1
1,1,21110.0,33.0,3.0,2.0,3,2.0,0,1,0,0,1,0,0,0,1,0,1
0,1,23449.0,39.0,3.0,4.0,4,2.0,0,1,0,1,0,0,0,0,1,0,1
0,2,21541.0,28.0,4.0,5.0,3,1.0,0,1,0,1,0,0,0,0,1,0,1
0,1,20822.0,29.0,3.0,4.0,3,1.0,0,1,0,0,1,0,0,0,0,1,1
1,1,21743.0,32.0,5.0,4.0,3,1.0,0,1,0,1,0,0,0,0,0,1,1
0,1,21488.0,37.0,4.0,2.0,4,1.0,0,1,0,1,0,0,0,0,1,0,1
0,1,21545.0,27.0,5.0,4.0,4,3.0,1,1,0,0,0,1,0,0,0,1,1
0,1,21045.0,29.0,3.0,5.0,3,2.0,0,1,0,1,0,0,0,1,0,0,1
0,3,21536.0,39.0,5.0,5.0,3,2.0,0,1,0,0,0,1,0,0,1,0,1
1,2,21669.0,39.0,4.0,4.0,3,2.0,0,1,0,1,0,0,0,0,1,0,1
1,1,19807.0,32.0,3.0,6.0,3,1.0,0,1,0,1,0,0,0,0,0,1,1
0,1,21325.0,24.0,3.0,4.0,4,1.0,0,1,0,0,0,1,0,0,1,0,1
0,2,20865.0,26.0,4.0,4.0,3,1.0,0,1,0,1,0,0,0,0,1,0,1
0,1,22426.0,31.0,4.0,4.0,4,2.0,0,1,0,1,0,0,0,0,0,1,1
1,1,22655.0,26.0,3.0,4.0,3,1.0,0,1,0,1,0,0,0,0,1,0,1
0,1,20686.0,34.0,3.0,5.0,3,1.0,0,1,0,1,0,0,0,0,0,1,1
0,3,21745.0,32.0,3.0,4.0,3,1.0,0,1,0,1,0,0,0,0,1,0,1
0,1,21460.0,42.0,3.0,4.0,4,1.0,0,1,0,1,0,0,0,0,1,0,1
1,1,21338.0,36.0,3.0,4.0,3,1.0,0,1,0,1,0,0,0,0,0,1,1
0,1,22053.0,23.0,3.0,4.0,4,3.0,0,1,0,0,0,1,0,0,1,0,1
0,1,21515.0,33.0,4.0,5.0,3,1.0,0,1,0,0,0,1,0,0,1,0,1
0,1,21084.0,41.0,3.0,4.0,3,1.0,0,1,0,1,0,0,0,0,1,0,1
0,3,20947.0,33.0,4.0,5.0,4,3.0,0,1,0,1,0,0,0,0,0,1,1
0,3,22160.0,53.0,3.0,4.0,3,2.0,0,1,0,1,0,0,0,0,1,0,1
1,1,21114.0,45.0,3.0,4.0,3,2.0,0,1,0,0,1,0,0,0,0,1,1
1,3,21058.0,22.0,5.0,4.0,3,1.0,1,1,0,0,1,0,0,0,0,1,1
0,3,20468.0,24.0,5.0,4.0,3,1.0,1,1,0,1,0,0,0,0,0,1,1
1,1,23465.0,30.0,3.0,4.0,3,1.0,0,1,0,1,0,0,0,0,0,1,1
0,1,21017.0,57.0,3.0,4.0,4,3.0,0,1,0,1,0,0,0,1,0,0,1
0,1,21117.0,33.0,5.0,4.0,4,2.0,0,1,0,0,1,0,0,1,0,0,1
0,1,21487.0,41.0,3.0,5.0,3,2.0,0,1,0,0,0,1,0,0,1,0,1
0,1,20679.0,41.0,3.0,4.0,4,2.0,0,1,0,1,0,0,0,0,0,1,1
0,1,21655.0,36.0,3.0,6.0,4,2.0,0,1,0,1,0,0,0,0,1,0,1
0,1,22463.0,30.0,5.0,5.0,4,2.0,1,1,0,0,0,1,0,0,0,1,1
0,3,21644.0,27.0,3.0,5.0,2,1.0,0,1,0,0,0,1,0,0,1,0,1
1,1,20768.0,38.0,3.0,5.0,4,3.0,0,1,0,0,1,0,0,0,1,0,1
1,1,21587.0,34.0,3.0,4.0,3,2.0,0,1,0,1,0,0,0,0,1,0,1
0,1,22146.0,28.0,4.0,4.0,3,2.0,0,1,0,1,0,0,0,0,0,1,1
1,1,21348.0,60.0,5.0,2.0,3,2.0,0,1,0,1,0,0,0,0,0,1,1
0,1,21371.0,31.0,3.0,4.0,4,3.0,0,1,0,1,0,0,0,0,1,0,1
0,1,21104.0,36.0,4.0,2.0,3,2.0,0,1,0,1,0,0,0,0,0,1,1
0,1,21339.0,35.0,3.0,4.0,4,1.0,0,1,0,1,0,0,0,0,0,1,1
1,1,21976.0,33.0,4.0,2.0,4,3.0,0,1,0,1,0,0,0,0,1,0,1
1,1,21613.0,23.0,3.0,2.0,4,3.0,0,1,0,1,0,0,0,0,0,1,1
1,1,22622.0,39.0,3.0,4.0,3,1.0,0,1,0,0,0,1,0,0,1,0,1
0,3,22085.0,37.0,5.0,5.0,3,1.0,0,1,0,0,0,1,0,0,1,0,1
0,1,21638.0,35.0,5.0,4.0,3,1.0,0,1,0,0,0,1,0,0,0,1,1
1,1,22597.0,33.0,5.0,6.0,4,1.0,0,1,0,0,0,1,0,0,1,0,1
1,1,20971.0,25.0,3.0,4.0,4,3.0,0,1,0,1,0,0,0,0,0,1,1
0,1,21323.0,44.0,3.0,2.0,4,3.0,0,1,0,1,0,0,0,0,0,1,1
1,3,21361.0,51.0,3.0,5.0,3,2.0,0,1,0,1,0,0,0,0,0,1,1
0,3,20692.0,36.0,3.0,4.0,4,3.0,0,1,0,1,0,0,0,0,0,1,1
1,1,22097.0,37.0,5.0,5.0,3,2.0,0,1,0,1,0,0,0,0,1,0,1
0,1,20629.0,36.0,3.0,4.0,4,2.0,0,1,0,1,0,0,0,0,1,0,1
0,1,20971.0,27.0,3.0,6.0,3,1.0,0,1,0,0,1,0,0,0,1,0,1
0,1,21700.0,38.0,4.0,4.0,4,2.0,0,1,0,1,0,0,0,0,1,0,1
0,1,20947.0,36.0,3.0,2.0,3,2.0,0,1,0,1,0,0,0,0,1,0,1
1,1,22692.0,36.0,5.0,4.0,2,1.0,0,1,0,1,0,0,0,0,0,1,1
0,1,20872.0,36.0,5.0,4.0,4,2.0,0,1,0,1,0,0,0,0,0,1,1
1,1,22066.0,37.0,3.0,5.0,4,3.0,0,1,0,1,0,0,0,0,0,1,1
0,1,21381.0,30.0,4.0,4.0,4,1.0,0,1,0,1,0,0,0,0,1,0,1
0,1,21716.0,37.0,3.0,2.0,3,1.0,0,1,0,1,0,0,0,0,1,0,1
0,3,21000.0,24.0,5.0,4.0,4,3.0,1,1,0,1,0,0,0,1,0,0,1
0,1,20753.0,52.0,3.0,4.0,4,1.0,0,1,0,1,0,0,0,0,1,0,1
1,2,20751.0,38.0,5.0,4.0,4,3.0,0,1,0,1,0,0,0,0,1,0,1
0,1,21634.0,33.0,5.0,4.0,4,2.0,0,1,0,0,0,1,0,0,1,0,1
1,1,21604.0,21.0,3.0,5.0,4,1.0,0,1,0,0,0,1,0,0,1,0,1
0,1,21567.0,26.0,3.0,5.0,4,3.0,0,1,0,1,0,0,0,0,0,1,1
0,1,21452.0,25.0,3.0,4.0,3,1.0,0,1,0,1,0,0,0,0,1,0,1
0,1,21513.0,37.0,3.0,4.0,3,2.0,0,1,0,1,0,0,0,0,1,0,1
0,1,21291.0,31.0,3.0,6.0,4,1.0,0,1,0,1,0,0,0,0,1,0,1
1,1,23641.0,57.0,4.0,4.0,4,1.0,0,1,0,1,0,0,0,0,1,0,1
0,1,21046.0,27.0,4.0,5.0,3,2.0,0,1,0,1,0,0,0,0,1,0,1
1,3,20353.0,20.0,3.0,4.0,3,1.0,0,1,0,0,1,0,0,0,0,1,1
0,1,21201.0,23.0,3.0,4.0,4,1.0,0,1,0,1,0,0,0,1,0,0,1
0,1,23417.0,44.0,3.0,2.0,4,3.0,0,1,0,0,0,1,0,0,0,1,1
0,2,21620.0,27.0,3.0,4.0,4,2.0,0,1,0,1,0,0,0,0,1,0,1
0,1,22878.0,33.0,5.0,4.0,3,1.0,0,1,0,0,0,1,0,0,0,1,1
0,1,21310.0,31.0,3.0,4.0,4,3.0,0,1,0,0,0,1,0,0,1,0,1
0,1,20916.0,42.0,5.0,4.0,4,1.0,0,1,0,1,0,0,0,0,1,0,1
0,1,20161.0,20.0,4.0,4.0,4,1.0,0,1,0,0,1,0,0,0,0,1,1
1,1,22024.0,59.0,4.0,5.0,4,2.0,0,1,0,1,0,0,0,0,0,1,1
0,3,20909.0,35.0,3.0,4.0,4,1.0,0,1,0,1,0,0,0,0,0,1,1
0,1,21001.0,23.0,3.0,4.0,4,1.0,0,1,0,1,0,0,0,0,0,1,1
0,1,20702.0,28.0,4.0,4.0,3,2.0,0,1,0,1,0,0,0,0,0,1,1
0,1,21391.0,29.0,3.0,4.0,3,1.0,0,1,0,1,0,0,0,0,0,1,1
1,1,21736.0,28.0,4.0,4.0,3,1.0,0,1,0,1,0,0,0,1,0,0,1
0,3,21003.0,20.0,5.0,6.0,4,1.0,1,1,0,0,1,0,0,1,0,0,1
0,1,21178.0,34.0,3.0,4.0,3,1.0,0,1,0,0,1,0,0,0,1,0,1
0,1,20966.0,39.0,3.0,4.0,4,3.0,0,1,0,0,1,0,0,0,1,0,1
1,1,22607.0,32.0,3.0,4.0,4,2.0,0,1,0,1,0,0,0,0,0,1,1
1,3,21818.0,42.0,4.0,4.0,4,2.0,0,1,0,0,0,1,0,0,0,1,1
0,1,22368.0,51.0,3.0,5.0,3,1.0,0,1,0,1,0,0,0,0,0,1,1
0,1,21434.0,34.0,4.0,4.0,4,2.0,0,1,0,1,0,0,0,0,0,1,1
0,1,20957.0,28.0,4.0,4.0,5,2.0,0,1,0,0,1,0,0,0,0,1,1
0,1,20767.0,44.0,3.0,2.0,3,1.0,0,1,0,1,0,0,0,0,0,1,1
1,1,22242.0,38.0,5.0,2.0,4,1.0,0,1,0,1,0,0,0,0,1,0,1
1,1,22493.0,35.0,3.0,4.0,3,2.0,0,1,0,1,0,0,0,0,0,1,1
1,1,21006.0,23.0,4.0,2.0,3,1.0,0,1,0,1,0,0,0,0,1,0,1
0,1,20831.0,37.0,3.0,4.0,4,2.0,0,1,0,0,1,0,0,0,0,1,1
1,1,21335.0,31.0,5.0,4.0,3,1.0,0,1,0,0,0,1,0,1,0,0,1
0,1,21300.0,34.0,4.0,5.0,3,2.0,0,1,0,1,0,0,0,0,0,1,1
0,1,20855.0,60.0,3.0,5.0,4,1.0,0,1,0,1,0,0,0,0,1,0,1
0,3,21471.0,38.0,3.0,4.0,3,1.0,0,1,0,1,0,0,0,0,0,1,1
1,1,21067.0,30.0,3.0,5.0,3,1.0,0,1,0,0,1,0,0,0,0,1,1
0,2,20945.0,60.0,3.0,4.0,3,1.0,0,1,0,1,0,0,0,0,0,1,1
1,1,21114.0,34.0,3.0,4.0,3,2.0,0,1,0,1,0,0,0,0,0,1,1
0,1,21385.0,34.0,5.0,4.0,3,2.0,0,1,0,1,0,0,0,0,1,0,1
0,3,22609.0,33.0,4.0,4.0,3,2.0,0,1,0,1,0,0,0,0,1,0,1
1,1,22408.0,33.0,3.0,5.0,4,3.0,0,1,0,0,0,1,0,0,1,0,1
0,1,20910.0,40.0,3.0,4.0,4,1.0,0,1,0,1,0,0,0,0,0,1,1
0,1,21589.0,34.0,3.0,5.0,4,1.0,0,1,0,1,0,0,0,0,1,0,1
0,1,22598.0,38.0,5.0,5.0,3,2.0,0,1,0,1,0,0,0,0,0,1,1
0,1,21018.0,30.0,3.0,4.0,3,2.0,0,1,0,0,1,0,0,0,1,0,1
1,1,21271.0,43.0,5.0,5.0,3,2.0,0,1,0,1,0,0,0,0,0,1,1
0,1,21401.0,52.0,3.0,4.0,4,1.0,0,1,0,1,0,0,0,0,1,0,1
0,1,21472.0,33.0,4.0,2.0,4,2.0,0,1,0,1,0,0,0,0,1,0,1
0,1,21888.0,37.0,3.0,4.0,3,2.0,0,1,0,1,0,0,0,0,1,0,1
0,1,20748.0,29.0,3.0,4.0,4,1.0,0,1,0,1,0,0,0,0,0,1,1
0,1,21908.0,22.0,3.0,5.0,4,3.0,0,1,0,0,0,1,0,0,0,1,1
0,1,20793.0,38.0,3.0,4.0,3,1.0,0,1,0,0,1,0,0,0,1,0,1
1,1,21051.0,27.0,4.0,4.0,3,1.0,0,1,0,1,0,0,0,0,0,1,1
0,3,21467.0,32.0,4.0,4.0,3,1.0,0,1,0,1,0,0,0,0,0,1,1
1,1,21004.0,38.0,3.0,4.0,3,2.0,0,1,0,1,0,0,0,0,0,1,1
0,1,20098.0,19.0,3.0,4.0,3,1.0,0,1,0,0,1,0,0,0,0,1,1
0,1,22366.0,37.0,3.0,2.0,3,2.0,0,1,0,1,0,0,0,0,1,0,1
1,1,23499.0,32.0,3.0,4.0,3,1.0,0,1,0,1,0,0,0,1,0,0,1
0,1,21133.0,44.0,3.0,4.0,3,1.0,0,1,0,0,1,0,0,0,1,0,1
1,1,22142.0,29.0,3.0,6.0,3,2.0,0,1,0,1,0,0,0,0,0,1,1
1,1,20797.0,30.0,5.0,6.0,4,2.0,1,1,0,1,0,0,0,0,1,0,1
1,2,21374.0,43.0,3.0,4.0,3,2.0,0,1,0,1,0,0,0,1,0,0,1
0,1,21048.0,33.0,4.0,4.0,4,2.0,0,1,0,1,0,0,0,0,0,1,1
1,3,20852.0,22.0,4.0,5.0,4,3.0,1,1,0,0,1,0,0,1,0,0,1
1,1,20891.0,41.0,3.0,2.0,3,2.0,0,1,0,1,0,0,0,0,1,0,1
1,3,21529.0,34.0,3.0,4.0,3,2.0,0,1,0,0,0,1,0,0,0,1,1
0,1,22130.0,38.0,5.0,4.0,4,3.0,0,1,0,1,0,0,0,0,0,1,1
0,3,21394.0,22.0,4.0,2.0,3,2.0,0,1,0,0,0,1,0,0,1,0,1
0,1,21221.0,37.0,3.0,4.0,4,1.0,0,1,0,1,0,0,0,0,1,0,1
0,3,21154.0,31.0,4.0,4.0,4,1.0,0,1,0,1,0,0,0,1,0,0,1
0,1,21780.0,27.0,5.0,4.0,4,2.0,1,1,0,0,0,1,0,1,0,0,1
0,1,20922.0,23.0,4.0,4.0,3,2.0,0,1,0,1,0,0,0,0,0,1,1
1,1,20963.0,31.0,3.0,4.0,3,1.0,0,1,0,0,1,0,0,1,0,0,1
0,1,21712.0,38.0,5.0,4.0,4,2.0,0,1,0,1,0,0,0,0,1,0,1
0,1,21254.0,43.0,5.0,4.0,4,3.0,0,1,0,1,0,0,0,0,1,0,1
0,1,20936.0,44.0,3.0,4.0,4,3.0,0,1,0,1,0,0,0,0,0,1,1
0,1,20896.0,32.0,5.0,5.0,4,2.0,0,1,0,1,0,0,0,0,1,0,1
0,1,22709.0,26.0,5.0,4.0,4,2.0,1,1,0,1,0,0,0,0,0,1,1
0,1,21332.0,46.0,3.0,4.0,4,3.0,0,1,0,1,0,0,0,0,1,0,1
1,3,21880.0,25.0,4.0,4.0,4,1.0,1,1,0,0,0,1,0,1,0,0,1
1,1,20380.0,39.0,3.0,4.0,3,1.0,0,1,0,1,0,0,0,0,1,0,1
0,1,21564.0,27.0,3.0,4.0,3,1.0,0,1,0,1,0,0,0,0,1,0,1
0,1,20775.0,31.0,3.0,4.0,3,1.0,0,1,0,1,0,0,0,0,1,0,1
0,1,21224.0,30.0,4.0,5.0,4,3.0,0,1,0,1,0,0,0,1,0,0,1
0,2,21242.0,20.0,3.0,5.0,3,1.0,0,1,0,0,1,0,0,1,0,0,1
0,1,22908.0,36.0,3.0,6.0,3,2.0,0,1,0,0,0,1,0,0,1,0,1
0,1,21446.0,35.0,3.0,5.0,4,3.0,0,1,0,1,0,0,0,0,1,0,1
0,1,20771.0,43.0,3.0,4.0,4,2.0,0,1,0,1,0,0,0,0,1,0,1
0,1,22572.0,23.0,3.0,5.0,4,1.0,0,1,0,0,0,1,0,1,0,0,1
0,1,22433.0,40.0,3.0,4.0,3,2.0,0,1,0,1,0,0,0,0,1,0,1
1,3,20556.0,19.0,4.0,4.0,4,1.0,0,1,0,0,1,0,0,0,0,1,1
1,1,21018.0,27.0,3.0,6.0,4,2.0,0,1,0,0,1,0,0,1,0,0,1
0,3,21078.0,25.0,3.0,4.0,3,2.0,0,1,0,1,0,0,0,0,0,1,1
1,1,21403.0,25.0,3.0,2.0,3,1.0,0,1,0,1,0,0,0,0,0,1,1
0,1,20805.0,25.0,4.0,5.0,4,2.0,0,1,0,1,0,0,0,0,1,0,1
0,3,20774.0,26.0,3.0,4.0,3,2.0,0,1,0,1,0,0,0,0,0,1,1
1,1,21564.0,25.0,3.0,4.0,3,1.0,0,1,0,1,0,0,0,0,1,0,1
0,3,20711.0,31.0,5.0,5.0,4,3.0,0,1,0,1,0,0,0,0,1,0,1
1,1,22300.0,35.0,3.0,5.0,3,2.0,0,1,0,1,0,0,0,0,1,0,1
0,1,21514.0,21.0,4.0,5.0,3,2.0,0,1,0,0,0,1,0,0,1,0,1
1,3,21257.0,35.0,3.0,4.0,3,1.0,0,1,0,1,0,0,0,1,0,0,1
0,3,22125.0,22.0,3.0,4.0,3,1.0,0,1,0,0,0,1,0,1,0,0,1
0,1,21451.0,23.0,3.0,4.0,4,2.0,0,1,0,1,0,0,0,0,0,1,1
0,1,21369.0,35.0,3.0,4.0,3,2.0,0,1,0,1,0,0,0,0,1,0,1
1,1,21337.0,27.0,3.0,4.0,4,2.0,0,1,0,1,0,0,0,0,1,0,1
0,1,20723.0,28.0,3.0,5.0,3,2.0,0,1,0,0,1,0,0,0,0,1,1
1,1,19687.0,21.0,3.0,4.0,3,2.0,0,1,0,0,1,0,0,0,0,1,1
1,1,22026.0,34.0,5.0,4.0,4,1.0,0,1,0,0,0,1,0,0,1,0,1
0,1,19959.0,36.0,3.0,4.0,3,2.0,0,1,0,1,0,0,0,0,1,0,1
0,1,21497.0,24.0,5.0,2.0,3,2.0,1,1,0,1,0,0,0,0,0,1,1
0,1,21398.0,30.0,3.0,6.0,4,3.0,0,1,0,1,0,0,0,0,1,0,1
0,1,23358.0,38.0,3.0,2.0,4,3.0,0,1,0,0,0,1,0,0,1,0,1
1,1,21899.0,51.0,3.0,2.0,4,2.0,0,1,0,1,0,0,0,0,0,1,1
0,3,22553.0,51.0,4.0,4.0,3,2.0,0,1,0,1,0,0,0,0,0,1,1
1,1,20894.0,29.0,4.0,6.0,4,3.0,0,1,0,0,1,0,0,0,1,0,1
0,1,22386.0,45.0,3.0,6.0,3,1.0,0,1,0,0,0,1,0,0,0,1,1
0,3,21320.0,30.0,3.0,4.0,4,1.0,0,1,0,0,0,1,0,0,1,0,1
1,1,21437.0,43.0,3.0,2.0,3,1.0,0,1,0,1,0,0,0,0,0,1,1
0,1,21178.0,24.0,5.0,4.0,3,1.0,1,1,0,1,0,0,0,0,0,1,1
1,1,21020.0,41.0,3.0,5.0,3,1.0,0,1,0,0,1,0,0,0,0,1,1
0,3,20975.0,30.0,4.0,4.0,3,1.0,0,1,0,1,0,0,0,0,0,1,1
1,1,21735.0,39.0,3.0,4.0,4,3.0,0,1,0,1,0,0,0,0,0,1,1
0,1,22183.0,24.0,3.0,2.0,4,2.0,0,1,0,0,0,1,0,0,0,1,1
0,1,22936.0,53.0,3.0,4.0,3,1.0,0,1,0,1,0,0,0,0,0,1,1
0,1,23042.0,27.0,3.0,6.0,4,1.0,0,1,0,1,0,0,0,0,1,0,1
0,1,21958.0,35.0,3.0,2.0,4,2.0,0,1,0,0,0,1,0,0,1,0,1
1,1,21460.0,38.0,5.0,4.0,3,1.0,0,1,0,1,0,0,0,0,1,0,1
0,1,23059.0,35.0,5.0,5.0,3,1.0,0,1,0,0,0,1,0,0,0,1,1
0,3,21250.0,36.0,3.0,4.0,4,3.0,0,1,0,1,0,0,0,0,1,0,1
0,1,22511.0,31.0,3.0,6.0,3,1.0,0,1,0,1,0,0,0,0,1,0,1
1,1,20279.0,24.0,5.0,2.0,4,1.0,1,1,0,1,0,0,0,0,1,0,1
0,1,21372.0,25.0,4.0,5.0,3,2.0,0,1,0,1,0,0,0,0,1,0,1
1,1,20997.0,30.0,5.0,5.0,3,1.0,1,1,0,1,0,0,0,0,1,0,1
0,1,21378.0,30.0,3.0,2.0,3,2.0,0,1,0,1,0,0,0,0,1,0,1
0,1,21184.0,36.0,3.0,2.0,3,2.0,0,1,0,0,1,0,0,0,1,0,1
0,1,23060.0,29.0,3.0,4.0,3,2.0,0,1,0,0,0,1,0,0,0,1,1
0,2,20821.0,37.0,4.0,4.0,3,2.0,0,1,0,1,0,0,0,0,1,0,1
0,1,20952.0,46.0,3.0,5.0,4,1.0,0,1,0,0,1,0,0,0,1,0,1
0,1,21231.0,35.0,3.0,5.0,4,3.0,0,1,0,0,1,0,0,0,1,0,1
0,2,22415.0,35.0,3.0,4.0,3,1.0,0,1,0,1,0,0,0,0,1,0,1
1,1,21044.0,27.0,3.0,5.0,3,2.0,0,1,0,1,0,0,0,0,0,1,1
0,1,20384.0,28.0,3.0,4.0,3,1.0,0,1,0,1,0,0,0,0,0,1,1
0,1,22102.0,26.0,5.0,2.0,4,2.0,1,1,0,0,0,1,0,0,0,1,1
0,2,23614.0,29.0,3.0,5.0,4,1.0,0,1,0,1,0,0,0,0,0,1,1
1,1,21496.0,45.0,3.0,2.0,4,1.0,0,1,0,1,0,0,0,0,1,0,1
0,2,21020.0,37.0,5.0,5.0,4,2.0,0,1,0,1,0,0,0,0,1,0,1
1,1,20700.0,36.0,4.0,4.0,4,2.0,0,1,0,1,0,0,0,0,1,0,1
0,1,22258.0,50.0,5.0,4.0,3,1.0,0,1,0,1,0,0,0,1,0,0,1
0,1,21840.0,25.0,3.0,5.0,3,2.0,0,1,0,1,0,0,0,0,1,0,1
0,3,21577.0,39.0,4.0,5.0,4,3.0,0,1,0,1,0,0,0,0,0,1,1
1,1,21034.0,32.0,3.0,4.0,3,1.0,0,1,0,1,0,0,0,0,1,0,1
0,3,21651.0,38.0,3.0,4.0,3,1.0,0,1,0,1,0,0,0,0,0,1,1
0,1,21210.0,30.0,3.0,5.0,4,2.0,0,1,0,1,0,0,0,0,0,1,1
1,1,21237.0,45.0,5.0,4.0,4,1.0,0,1,0,1,0,0,0,0,1,0,1
0,3,20722.0,21.0,3.0,5.0,3,1.0,0,1,0,0,1,0,0,0,0,1,1
0,1,21371.0,22.0,3.0,4.0,4,3.0,0,1,0,0,0,1,0,0,1,0,1
1,1,21456.0,42.0,3.0,6.0,3,2.0,0,1,0,1,0,0,0,0,1,0,1
0,1,21055.0,29.0,3.0,4.0,4,1.0,0,1,0,1,0,0,0,0,0,1,1
1,1,21082.0,40.0,5.0,4.0,4,2.0,0,1,0,1,0,0,0,0,0,1,1
0,1,20996.0,28.0,3.0,4.0,4,1.0,0,1,0,0,1,0,0,0,1,0,1
0,1,20686.0,35.0,4.0,4.0,3,2.0,0,1,0,1,0,0,0,0,1,0,1
1,1,21477.0,34.0,5.0,5.0,4,2.0,0,1,0,0,0,1,0,0,1,0,1
0,3,21007.0,32.0,3.0,5.0,3,2.0,0,1,0,1,0,0,0,0,1,0,1
0,1,20937.0,49.0,3.0,4.0,3,1.0,0,1,0,1,0,0,0,0,0,1,1
0,1,21010.0,33.0,4.0,5.0,4,3.0,0,1,0,1,0,0,0,0,1,0,1
1,3,21091.0,26.0,4.0,5.0,3,2.0,0,1,0,1,0,0,0,0,0,1,1
1,1,23399.0,42.0,5.0,4.0,3,2.0,0,1,0,0,0,1,0,0,0,1,1
0,1,21197.0,37.0,3.0,4.0,4,2.0,0,1,0,0,1,0,0,0,0,1,1
0,1,21651.0,21.0,5.0,4.0,3,1.0,1,1,0,0,0,1,0,1,0,0,1
1,1,22295.0,41.0,4.0,4.0,3,1.0,0,1,0,1,0,0,0,0,0,1,1
0,3,20835.0,30.0,3.0,4.0,3,2.0,0,1,0,1,0,0,0,1,0,0,1
0,1,21157.0,59.0,3.0,4.0,3,1.0,0,1,0,0,1,0,0,1,0,0,1
1,1,20999.0,32.0,5.0,5.0,3,2.0,0,1,0,0,1,0,0,0,0,1,1
1,1,21082.0,30.0,5.0,5.0,4,1.0,1,1,0,0,1,0,0,0,1,0,1
0,1,20948.0,46.0,3.0,4.0,4,1.0,0,1,0,1,0,0,0,0,0,1,1
0,1,21489.0,28.0,4.0,4.0,3,1.0,0,1,0,1,0,0,0,1,0,0,1
1,1,20810.0,31.0,3.0,4.0,3,1.0,0,1,0,1,0,0,0,0,1,0,1
0,1,21362.0,39.0,3.0,4.0,4,1.0,0,1,0,1,0,0,0,0,0,1,1
1,1,21278.0,21.0,5.0,5.0,4,3.0,1,1,0,0,0,1,0,0,0,1,1
0,1,21129.0,23.0,5.0,6.0,4,2.0,1,1,0,1,0,0,0,0,1,0,1
0,1,21058.0,51.0,3.0,4.0,4,3.0,0,1,0,1,0,0,0,0,1,0,1
0,1,22703.0,33.0,3.0,4.0,4,3.0,0,1,0,0,0,1,0,0,0,1,1
0,2,20855.0,46.0,4.0,4.0,3,2.0,0,1,0,0,1,0,0,0,0,1,1
1,1,20720.0,27.0,5.0,4.0,3,1.0,1,1,0,1,0,0,0,0,1,0,1
1,3,20898.0,35.0,3.0,4.0,3,2.0,0,1,0,1,0,0,0,0,1,0,1
0,3,19730.0,29.0,4.0,4.0,4,3.0,0,1,0,1,0,0,0,0,0,1,1
0,1,21499.0,39.0,3.0,4.0,3,1.0,0,1,0,1,0,0,0,0,1,0,1
0,1,21620.0,57.0,3.0,4.0,4,1.0,0,1,0,1,0,0,0,0,0,1,1
0,1,20094.0,22.0,5.0,5.0,3,2.0,1,1,0,0,1,0,0,0,1,0,1
1,1,21139.0,52.0,3.0,4.0,3,1.0,0,1,0,1,0,0,0,0,1,0,1
0,1,22633.0,27.0,5.0,5.0,3,2.0,1,1,0,1,0,0,0,0,0,1,1
0,1,22054.0,42.0,3.0,2.0,3,1.0,0,1,0,1,0,0,0,1,0,0,1
0,1,23299.0,28.0,3.0,6.0,3,2.0,0,1,0,1,0,0,0,0,1,0,1
0,1,20885.0,29.0,3.0,4.0,3,1.0,0,1,0,1,0,0,0,0,1,0,1
1,1,22369.0,26.0,3.0,4.0,3,2.0,0,1,0,1,0,0,0,1,0,0,1
0,1,21055.0,27.0,3.0,4.0,3,1.0,0,1,0,1,0,0,0,0,0,1,1
0,1,21657.0,35.0,3.0,5.0,3,1.0,0,1,0,1,0,0,0,0,1,0,1
0,1,21192.0,30.0,3.0,4.0,4,1.0,0,1,0,1,0,0,0,0,1,0,1
1,1,20748.0,22.0,4.0,5.0,4,2.0,0,1,0,0,1,0,0,1,0,0,1
0,3,21469.0,32.0,3.0,2.0,4,1.0,0,1,0,1,0,0,0,0,1,0,1
0,1,21879.0,29.0,4.0,5.0,4,3.0,0,1,0,1,0,0,0,0,1,0,1
0,2,21522.0,39.0,3.0,2.0,3,1.0,0,1,0,1,0,0,0,0,1,0,1
1,1,21381.0,29.0,3.0,5.0,3,2.0,0,1,0,1,0,0,0,0,1,0,1
1,1,23444.0,42.0,3.0,4.0,3,1.0,0,1,0,1,0,0,0,0,1,0,1
0,1,21288.0,32.0,3.0,4.0,4,1.0,0,1,0,1,0,0,0,0,0,1,1
0,1,21217.0,28.0,3.0,5.0,3,2.0,0,1,0,1,0,0,0,0,1,0,1
0,1,20936.0,36.0,3.0,5.0,3,2.0,0,1,0,1,0,0,0,0,0,1,1
0,1,22275.0,25.0,4.0,4.0,3,2.0,0,1,0,0,0,1,0,0,0,1,1
1,1,21193.0,29.0,3.0,4.0,4,2.0,0,1,0,1,0,0,0,0,1,0,1
0,1,23098.0,27.0,3.0,2.0,3,2.0,0,1,0,1,0,0,0,0,0,1,1
0,1,21054.0,36.0,3.0,5.0,3,2.0,0,1,0,1,0,0,0,0,1,0,1
0,3,21505.0,33.0,5.0,4.0,4,1.0,0,1,0,1,0,0,0,0,1,0,1
0,1,21809.0,30.0,3.0,4.0,3,2.0,0,1,0,1,0,0,0,0,0,1,1
0,1,21230.0,20.0,5.0,4.0,3,2.0,1,1,0,0,1,0,0,0,1,0,1
1,1,23155.0,46.0,3.0,4.0,3,2.0,0,1,0,1,0,0,0,0,0,1,1
0,1,21711.0,21.0,3.0,5.0,3,1.0,0,1,0,0,0,1,0,0,1,0,1
1,1,21614.0,45.0,3.0,4.0,4,1.0,0,1,0,0,0,1,0,0,1,0,1
1,1,20846.0,30.0,3.0,6.0,4,2.0,0,1,0,1,0,0,0,0,1,0,1
1,1,21531.0,23.0,3.0,5.0,3,2.0,0,1,0,1,0,0,0,0,1,0,1
0,1,20968.0,45.0,3.0,6.0,4,2.0,0,1,0,0,1,0,0,0,1,0,1
0,2,22278.0,34.0,3.0,4.0,4,3.0,0,1,0,1,0,0,0,0,1,0,1
0,1,20785.0,42.0,5.0,5.0,4,2.0,0,1,0,1,0,0,0,0,1,0,1
0,1,21874.0,29.0,5.0,5.0,4,2.0,1,1,0,1,0,0,0,0,0,1,1
0,1,20888.0,25.0,4.0,4.0,4,3.0,0,1,0,1,0,0,0,0,1,0,1
0,3,21356.0,21.0,3.0,2.0,3,2.0,0,1,0,0,0,1,0,0,0,1,1
0,1,21421.0,33.0,4.0,5.0,4,1.0,0,1,0,1,0,0,0,0,1,0,1
0,1,21459.0,34.0,3.0,4.0,3,2.0,0,1,0,1,0,0,0,0,0,1,1
1,1,22257.0,31.0,4.0,4.0,4,3.0,0,1,0,1,0,0,0,0,0,1,1
1,1,20913.0,28.0,5.0,4.0,3,1.0,1,1,0,1,0,0,0,0,1,0,1
0,1,20689.0,45.0,3.0,2.0,4,3.0,0,1,0,1,0,0,0,0,1,0,1
1,1,20537.0,20.0,4.0,5.0,4,3.0,0,1,0,0,1,0,0,0,0,1,1
0,1,22370.0,37.0,4.0,4.0,3,2.0,0,1,0,1,0,0,0,1,0,0,1
1,3,21237.0,49.0,3.0,6.0,4,3.0,0,1,0,0,1,0,0,0,1,0,1
0,1,25301.0,30.0,3.0,5.0,3,1.0,0,1,0,0,0,1,0,0,1,0,1
1,1,34802.0,30.0,3.0,4.0,3,1.0,0,1,0,1,0,0,0,1,0,0,1
0,1,36891.0,45.0,5.0,4.0,4,3.0,0,1,0,0,1,0,0,0,0,1,1
1,3,19901.0,24.0,4.0,4.0,3,2.0,0,1,0,0,1,0,0,0,1,0,1
0,1,19796.0,26.0,5.0,4.0,3,1.0,1,1,0,1,0,0,0,0,1,0,1
0,3,32255.0,56.0,3.0,5.0,3,1.0,0,1,0,0,1,0,0,0,1,0,1
1,1,23216.0,35.0,3.0,4.0,3,1.0,0,1,0,0,0,1,0,0,1,0,1
0,3,23122.0,35.0,3.0,6.0,3,2.0,0,1,0,0,0,1,0,0,1,0,1
0,1,20832.0,29.0,4.0,5.0,3,2.0,0,1,0,0,1,0,0,0,1,0,1
0,3,37868.0,45.0,5.0,5.0,4,3.0,0,1,0,1,0,0,0,0,1,0,1
1,1,22184.0,36.0,5.0,5.0,3,1.0,0,1,0,0,0,1,0,0,1,0,1
1,1,28909.0,44.0,3.0,4.0,4,1.0,0,1,0,1,0,0,0,0,1,0,1
0,2,24088.0,37.0,3.0,4.0,3,1.0,0,1,0,1,0,0,0,1,0,0,1
0,3,26656.0,45.0,3.0,4.0,4,2.0,0,1,0,1,0,0,0,1,0,0,1
1,1,23373.0,31.0,5.0,4.0,3,2.0,0,1,0,0,0,1,0,0,0,1,1
0,1,22017.0,30.0,5.0,5.0,3,2.0,1,1,0,0,0,1,0,0,0,1,1
0,1,20758.0,29.0,5.0,5.0,4,2.0,1,1,0,0,1,0,0,1,0,0,1
0,1,20774.0,26.0,5.0,4.0,3,1.0,1,1,0,0,1,0,0,0,1,0,1
0,1,24887.0,33.0,3.0,4.0,3,1.0,0,1,0,0,0,1,0,0,1,0,1
1,1,35801.0,40.0,5.0,4.0,4,1.0,0,1,0,1,0,0,0,0,1,0,1
1,1,22582.0,40.0,4.0,4.0,3,1.0,0,1,0,1,0,0,0,0,0,1,1
1,3,23305.0,31.0,3.0,4.0,4,2.0,0,1,0,0,0,1,0,0,0,1,1
1,1,25352.0,29.0,5.0,4.0,4,3.0,0,1,0,0,0,1,0,0,1,0,1
1,1,27772.0,41.0,3.0,5.0,4,3.0,0,1,0,0,0,1,0,0,0,1,1
1,3,27124.0,53.0,3.0,4.0,4,3.0,0,1,0,1,0,0,0,0,0,1,1
0,1,30594.0,31.0,4.0,4.0,4,1.0,0,1,0,0,1,0,0,0,1,0,1
1,3,23212.0,40.0,3.0,4.0,4,3.0,0,1,0,1,0,0,0,0,1,0,1
0,2,28530.0,32.0,3.0,6.0,3,2.0,0,1,0,1,0,0,0,0,1,0,1
0,2,36539.0,43.0,3.0,5.0,4,2.0,0,1,0,1,0,0,0,0,1,0,1
0,3,37865.0,56.0,4.0,6.0,3,2.0,0,1,0,0,1,0,0,0,0,1,1
1,1,27178.0,35.0,3.0,5.0,3,2.0,0,1,0,1,0,0,0,1,0,0,1
0,3,23339.0,41.0,4.0,4.0,3,1.0,0,1,0,0,0,1,0,0,0,1,1
1,1,22781.0,42.0,5.0,4.0,4,3.0,0,1,0,1,0,0,0,0,0,1,1
1,1,22927.0,36.0,4.0,4.0,4,1.0,0,1,0,1,0,0,0,0,0,1,1
1,2,22347.0,26.0,4.0,4.0,4,2.0,0,1,0,1,0,0,0,0,0,1,1
0,2,21065.0,41.0,5.0,2.0,3,2.0,0,1,0,1,0,0,0,0,1,0,1
1,2,23317.0,37.0,5.0,5.0,3,2.0,0,1,0,1,0,0,0,0,1,0,1
1,1,21212.0,28.0,3.0,5.0,4,2.0,0,1,0,0,1,0,0,0,1,0,1
0,3,20289.0,19.0,3.0,4.0,3,2.0,0,1,0,0,1,0,0,0,0,1,1
1,1,24041.0,36.0,4.0,4.0,4,2.0,0,1,0,0,0,1,0,0,1,0,1
